Date,"Daily foreign exchange rates, 31 December 1979 ? 31 December 1998"
31-12-1979,1.726
02-01-1980,1.714
03-01-1980,1.711
04-01-1980,1.713
07-01-1980,1.708
08-01-1980,1.713
09-01-1980,1.712
10-01-1980,1.717
11-01-1980,1.721
14-01-1980,1.719
15-01-1980,1.728
16-01-1980,1.722
17-01-1980,1.724
18-01-1980,1.724
21-01-1980,1.729
22-01-1980,1.734
23-01-1980,1.73
24-01-1980,1.732
25-01-1980,1.737
28-01-1980,1.739
29-01-1980,1.737
30-01-1980,1.737
31-01-1980,1.744
01-02-1980,1.744
04-02-1980,1.742
05-02-1980,1.743
06-02-1980,1.733
07-02-1980,1.739
08-02-1980,1.739
11-02-1980,1.739
13-02-1980,1.735
14-02-1980,1.736
15-02-1980,1.742
19-02-1980,1.748
20-02-1980,1.748
21-02-1980,1.747
22-02-1980,1.759
25-02-1980,1.762
26-02-1980,1.764
27-02-1980,1.758
28-02-1980,1.764
29-02-1980,1.777
03-03-1980,1.783
04-03-1980,1.791
05-03-1980,1.789
06-03-1980,1.795
07-03-1980,1.796
10-03-1980,1.81
11-03-1980,1.812
12-03-1980,1.808
13-03-1980,1.822
14-03-1980,1.833
17-03-1980,1.874
18-03-1980,1.877
19-03-1980,1.873
20-03-1980,1.866
21-03-1980,1.878
24-03-1980,1.888
25-03-1980,1.897
26-03-1980,1.897
27-03-1980,1.92
28-03-1980,1.932
31-03-1980,1.952
01-04-1980,1.962
02-04-1980,1.955
03-04-1980,1.964
04-04-1980,1.97
07-04-1980,1.975
08-04-1980,1.941
09-04-1980,1.89
10-04-1980,1.877
11-04-1980,1.877
14-04-1980,1.872
15-04-1980,1.895
16-04-1980,1.86
17-04-1980,1.857
18-04-1980,1.854
21-04-1980,1.849
22-04-1980,1.862
23-04-1980,1.823
24-04-1980,1.82
25-04-1980,1.813
28-04-1980,1.798
29-04-1980,1.797
30-04-1980,1.8
01-05-1980,1.802
02-05-1980,1.824
05-05-1980,1.796
06-05-1980,1.793
07-05-1980,1.786
08-05-1980,1.793
09-05-1980,1.812
12-05-1980,1.791
13-05-1980,1.794
14-05-1980,1.789
15-05-1980,1.791
16-05-1980,1.794
19-05-1980,1.803
20-05-1980,1.803
21-05-1980,1.788
22-05-1980,1.79
23-05-1980,1.779
27-05-1980,1.762
28-05-1980,1.772
29-05-1980,1.779
30-05-1980,1.779
02-06-1980,1.783
03-06-1980,1.775
04-06-1980,1.774
05-06-1980,1.775
06-06-1980,1.772
09-06-1980,1.762
10-06-1980,1.762
11-06-1980,1.766
12-06-1980,1.763
13-06-1980,1.755
16-06-1980,1.768
17-06-1980,1.763
18-06-1980,1.764
19-06-1980,1.767
20-06-1980,1.768
23-06-1980,1.767
24-06-1980,1.77
25-06-1980,1.769
26-06-1980,1.765
27-06-1980,1.764
30-06-1980,1.764
01-07-1980,1.762
02-07-1980,1.759
03-07-1980,1.756
07-07-1980,1.739
08-07-1980,1.74
09-07-1980,1.741
10-07-1980,1.738
11-07-1980,1.739
14-07-1980,1.744
15-07-1980,1.748
16-07-1980,1.744
17-07-1980,1.736
18-07-1980,1.747
21-07-1980,1.742
22-07-1980,1.739
23-07-1980,1.74
24-07-1980,1.735
25-07-1980,1.739
28-07-1980,1.734
29-07-1980,1.759
30-07-1980,1.777
31-07-1980,1.781
01-08-1980,1.793
04-08-1980,1.785
05-08-1980,1.776
06-08-1980,1.769
07-08-1980,1.782
08-08-1980,1.783
11-08-1980,1.783
12-08-1980,1.78
13-08-1980,1.782
14-08-1980,1.786
15-08-1980,1.787
18-08-1980,1.798
19-08-1980,1.8
20-08-1980,1.797
21-08-1980,1.796
22-08-1980,1.807
25-08-1980,1.805
26-08-1980,1.802
27-08-1980,1.8
28-08-1980,1.787
29-08-1980,1.792
02-09-1980,1.778
03-09-1980,1.776
04-09-1980,1.777
05-09-1980,1.782
08-09-1980,1.777
09-09-1980,1.78
10-09-1980,1.779
11-09-1980,1.778
12-09-1980,1.78
15-09-1980,1.783
16-09-1980,1.784
17-09-1980,1.781
18-09-1980,1.792
19-09-1980,1.794
22-09-1980,1.807
23-09-1980,1.812
24-09-1980,1.795
25-09-1980,1.798
26-09-1980,1.802
29-09-1980,1.814
30-09-1980,1.813
01-10-1980,1.809
02-10-1980,1.812
03-10-1980,1.811
06-10-1980,1.799
07-10-1980,1.805
08-10-1980,1.804
09-10-1980,1.805
10-10-1980,1.804
14-10-1980,1.817
15-10-1980,1.826
16-10-1980,1.828
17-10-1980,1.844
20-10-1980,1.865
21-10-1980,1.862
22-10-1980,1.864
23-10-1980,1.863
24-10-1980,1.867
27-10-1980,1.879
28-10-1980,1.894
29-10-1980,1.885
30-10-1980,1.898
31-10-1980,1.906
03-11-1980,1.916
05-11-1980,1.943
06-11-1980,1.946
07-11-1980,1.958
10-11-1980,1.902
12-11-1980,1.901
13-11-1980,1.893
14-11-1980,1.905
17-11-1980,1.931
18-11-1980,1.919
19-11-1980,1.903
20-11-1980,1.915
21-11-1980,1.917
24-11-1980,1.917
25-11-1980,1.911
26-11-1980,1.921
28-11-1980,1.927
01-12-1980,1.941
02-12-1980,1.948
03-12-1980,1.94
04-12-1980,1.944
05-12-1980,1.961
08-12-1980,1.963
09-12-1980,1.983
10-12-1980,2.007
11-12-1980,2.019
12-12-1980,2.007
15-12-1980,1.99
16-12-1980,2.019
17-12-1980,1.979
18-12-1980,1.993
19-12-1980,1.974
22-12-1980,1.957
23-12-1980,1.953
24-12-1980,1.943
26-12-1980,1.943
29-12-1980,1.955
30-12-1980,1.952
31-12-1980,1.974
02-01-1981,1.975
05-01-1981,1.939
06-01-1981,1.935
07-01-1981,1.948
08-01-1981,1.963
09-01-1981,1.979
12-01-1981,1.985
13-01-1981,2.001
14-01-1981,1.993
15-01-1981,2.001
16-01-1981,2.007
19-01-1981,2.009
20-01-1981,2
21-01-1981,1.994
22-01-1981,2.025
23-01-1981,2.035
26-01-1981,2.052
27-01-1981,2.071
28-01-1981,2.085
29-01-1981,2.094
30-01-1981,2.132
02-02-1981,2.121
03-02-1981,2.135
04-02-1981,2.114
05-02-1981,2.146
06-02-1981,2.141
09-02-1981,2.138
10-02-1981,2.148
11-02-1981,2.15
13-02-1981,2.22
17-02-1981,2.196
18-02-1981,2.188
19-02-1981,2.132
20-02-1981,2.096
23-02-1981,2.112
24-02-1981,2.116
25-02-1981,2.107
26-02-1981,2.116
27-02-1981,2.131
02-03-1981,2.152
03-03-1981,2.153
04-03-1981,2.138
05-03-1981,2.139
06-03-1981,2.136
09-03-1981,2.109
10-03-1981,2.108
11-03-1981,2.116
12-03-1981,2.113
13-03-1981,2.11
16-03-1981,2.092
17-03-1981,2.088
18-03-1981,2.056
19-03-1981,2.05
20-03-1981,2.068
23-03-1981,2.087
24-03-1981,2.082
25-03-1981,2.086
26-03-1981,2.113
27-03-1981,2.125
30-03-1981,2.098
31-03-1981,2.111
01-04-1981,2.098
02-04-1981,2.112
03-04-1981,2.127
06-04-1981,2.157
07-04-1981,2.119
08-04-1981,2.133
09-04-1981,2.144
10-04-1981,2.153
13-04-1981,2.172
14-04-1981,2.166
15-04-1981,2.179
16-04-1981,2.188
17-04-1981,2.19
20-04-1981,2.185
21-04-1981,2.182
22-04-1981,2.163
23-04-1981,2.175
24-04-1981,2.178
27-04-1981,2.182
28-04-1981,2.187
29-04-1981,2.213
30-04-1981,2.211
01-05-1981,2.203
04-05-1981,2.245
05-05-1981,2.266
06-05-1981,2.258
07-05-1981,2.275
08-05-1981,2.255
11-05-1981,2.284
12-05-1981,2.296
13-05-1981,2.296
14-05-1981,2.311
15-05-1981,2.309
18-05-1981,2.305
19-05-1981,2.309
20-05-1981,2.298
21-05-1981,2.323
22-05-1981,2.316
26-05-1981,2.334
27-05-1981,2.346
28-05-1981,2.325
29-05-1981,2.33
01-06-1981,2.335
02-06-1981,2.371
03-06-1981,2.361
04-06-1981,2.414
05-06-1981,2.411
08-06-1981,2.405
09-06-1981,2.403
10-06-1981,2.372
11-06-1981,2.405
12-06-1981,2.395
15-06-1981,2.346
16-06-1981,2.348
17-06-1981,2.349
18-06-1981,2.372
19-06-1981,2.378
22-06-1981,2.363
23-06-1981,2.356
24-06-1981,2.37
25-06-1981,2.393
26-06-1981,2.388
29-06-1981,2.393
30-06-1981,2.394
01-07-1981,2.413
02-07-1981,2.412
03-07-1981,2.416
06-07-1981,2.449
07-07-1981,2.444
08-07-1981,2.476
09-07-1981,2.466
10-07-1981,2.439
13-07-1981,2.423
14-07-1981,2.448
15-07-1981,2.408
16-07-1981,2.411
17-07-1981,2.427
20-07-1981,2.447
21-07-1981,2.47
22-07-1981,2.441
23-07-1981,2.446
24-07-1981,2.438
27-07-1981,2.436
28-07-1981,2.441
29-07-1981,2.458
30-07-1981,2.457
31-07-1981,2.471
03-08-1981,2.527
04-08-1981,2.535
05-08-1981,2.51
06-08-1981,2.522
07-08-1981,2.532
10-08-1981,2.571
11-08-1981,2.559
12-08-1981,2.499
13-08-1981,2.517
14-08-1981,2.527
17-08-1981,2.497
18-08-1981,2.498
19-08-1981,2.498
20-08-1981,2.471
21-08-1981,2.449
24-08-1981,2.474
25-08-1981,2.504
26-08-1981,2.465
27-08-1981,2.476
28-08-1981,2.451
31-08-1981,2.448
01-09-1981,2.456
02-09-1981,2.44
03-09-1981,2.426
04-09-1981,2.411
08-09-1981,2.437
09-09-1981,2.43
10-09-1981,2.399
11-09-1981,2.401
14-09-1981,2.376
15-09-1981,2.338
16-09-1981,2.307
17-09-1981,2.28
18-09-1981,2.27
21-09-1981,2.23
22-09-1981,2.282
23-09-1981,2.3
24-09-1981,2.317
25-09-1981,2.323
28-09-1981,2.34
29-09-1981,2.311
30-09-1981,2.325
01-10-1981,2.323
02-10-1981,2.294
05-10-1981,2.225
06-10-1981,2.253
07-10-1981,2.219
08-10-1981,2.206
09-10-1981,2.191
13-10-1981,2.222
14-10-1981,2.223
15-10-1981,2.23
16-10-1981,2.238
19-10-1981,2.233
20-10-1981,2.237
21-10-1981,2.273
22-10-1981,2.282
23-10-1981,2.275
26-10-1981,2.31
27-10-1981,2.306
28-10-1981,2.291
29-10-1981,2.27
30-10-1981,2.244
02-11-1981,2.223
04-11-1981,2.212
05-11-1981,2.225
06-11-1981,2.222
09-11-1981,2.206
10-11-1981,2.229
12-11-1981,2.212
13-11-1981,2.222
16-11-1981,2.241
17-11-1981,2.252
18-11-1981,2.236
19-11-1981,2.244
20-11-1981,2.259
23-11-1981,2.253
24-11-1981,2.23
25-11-1981,2.232
27-11-1981,2.216
30-11-1981,2.214
01-12-1981,2.224
02-12-1981,2.218
03-12-1981,2.232
04-12-1981,2.227
07-12-1981,2.241
08-12-1981,2.249
09-12-1981,2.241
10-12-1981,2.254
11-12-1981,2.261
14-12-1981,2.283
15-12-1981,2.268
16-12-1981,2.278
17-12-1981,2.277
18-12-1981,2.292
21-12-1981,2.284
22-12-1981,2.273
23-12-1981,2.275
24-12-1981,2.268
28-12-1981,2.27
29-12-1981,2.272
30-12-1981,2.251
31-12-1981,2.238
04-01-1982,2.241
05-01-1982,2.262
06-01-1982,2.246
07-01-1982,2.261
08-01-1982,2.259
11-01-1982,2.284
12-01-1982,2.287
13-01-1982,2.293
14-01-1982,2.306
15-01-1982,2.312
18-01-1982,2.298
19-01-1982,2.295
20-01-1982,2.309
21-01-1982,2.297
22-01-1982,2.309
25-01-1982,2.338
26-01-1982,2.314
27-01-1982,2.323
28-01-1982,2.328
29-01-1982,2.317
01-02-1982,2.35
02-02-1982,2.353
03-02-1982,2.36
04-02-1982,2.342
05-02-1982,2.345
08-02-1982,2.358
09-02-1982,2.375
10-02-1982,2.367
11-02-1982,2.367
16-02-1982,2.396
17-02-1982,2.399
18-02-1982,2.366
19-02-1982,2.365
22-02-1982,2.352
23-02-1982,2.373
24-02-1982,2.367
25-02-1982,2.37
26-02-1982,2.388
01-03-1982,2.388
02-03-1982,2.377
03-03-1982,2.372
04-03-1982,2.365
05-03-1982,2.344
08-03-1982,2.343
09-03-1982,2.368
10-03-1982,2.358
11-03-1982,2.371
12-03-1982,2.38
15-03-1982,2.374
16-03-1982,2.378
17-03-1982,2.373
18-03-1982,2.375
19-03-1982,2.384
22-03-1982,2.391
23-03-1982,2.385
24-03-1982,2.387
25-03-1982,2.394
26-03-1982,2.396
29-03-1982,2.415
30-03-1982,2.408
31-03-1982,2.418
01-04-1982,2.403
02-04-1982,2.398
05-04-1982,2.408
06-04-1982,2.414
07-04-1982,2.414
08-04-1982,2.423
09-04-1982,2.423
12-04-1982,2.42
13-04-1982,2.412
14-04-1982,2.419
15-04-1982,2.425
16-04-1982,2.422
19-04-1982,2.41
20-04-1982,2.399
21-04-1982,2.395
22-04-1982,2.396
23-04-1982,2.388
26-04-1982,2.374
27-04-1982,2.369
28-04-1982,2.356
29-04-1982,2.339
30-04-1982,2.331
03-05-1982,2.339
04-05-1982,2.345
05-05-1982,2.321
06-05-1982,2.31
07-05-1982,2.29
10-05-1982,2.286
11-05-1982,2.282
12-05-1982,2.283
13-05-1982,2.293
14-05-1982,2.307
17-05-1982,2.305
18-05-1982,2.317
19-05-1982,2.319
20-05-1982,2.317
21-05-1982,2.306
24-05-1982,2.301
25-05-1982,2.315
26-05-1982,2.329
27-05-1982,2.346
28-05-1982,2.348
01-06-1982,2.376
02-06-1982,2.369
03-06-1982,2.363
04-06-1982,2.365
07-06-1982,2.382
08-06-1982,2.401
09-06-1982,2.415
10-06-1982,2.413
11-06-1982,2.395
14-06-1982,2.422
15-06-1982,2.42
16-06-1982,2.434
17-06-1982,2.446
18-06-1982,2.461
21-06-1982,2.478
22-06-1982,2.454
23-06-1982,2.477
24-06-1982,2.474
25-06-1982,2.487
28-06-1982,2.493
29-06-1982,2.463
30-06-1982,2.46
01-07-1982,2.47
02-07-1982,2.477
06-07-1982,2.49
07-07-1982,2.511
08-07-1982,2.514
09-07-1982,2.494
12-07-1982,2.478
13-07-1982,2.497
14-07-1982,2.496
15-07-1982,2.493
16-07-1982,2.477
19-07-1982,2.474
20-07-1982,2.451
21-07-1982,2.431
22-07-1982,2.433
23-07-1982,2.396
26-07-1982,2.409
27-07-1982,2.428
28-07-1982,2.45
29-07-1982,2.46
30-07-1982,2.466
02-08-1982,2.434
03-08-1982,2.442
04-08-1982,2.486
05-08-1982,2.486
06-08-1982,2.497
09-08-1982,2.518
10-08-1982,2.516
11-08-1982,2.523
12-08-1982,2.518
13-08-1982,2.51
16-08-1982,2.52
17-08-1982,2.507
18-08-1982,2.48
19-08-1982,2.486
20-08-1982,2.453
23-08-1982,2.455
24-08-1982,2.418
25-08-1982,2.428
26-08-1982,2.439
27-08-1982,2.471
30-08-1982,2.507
31-08-1982,2.497
01-09-1982,2.491
02-09-1982,2.474
03-09-1982,2.476
07-09-1982,2.474
08-09-1982,2.488
09-09-1982,2.481
10-09-1982,2.505
13-09-1982,2.519
14-09-1982,2.513
15-09-1982,2.515
16-09-1982,2.513
17-09-1982,2.501
20-09-1982,2.503
21-09-1982,2.505
22-09-1982,2.497
23-09-1982,2.509
24-09-1982,2.514
27-09-1982,2.541
28-09-1982,2.543
29-09-1982,2.528
30-09-1982,2.529
01-10-1982,2.526
04-10-1982,2.554
05-10-1982,2.552
06-10-1982,2.545
07-10-1982,2.523
08-10-1982,2.527
12-10-1982,2.489
13-10-1982,2.511
14-10-1982,2.517
15-10-1982,2.517
18-10-1982,2.515
19-10-1982,2.516
20-10-1982,2.525
21-10-1982,2.53
22-10-1982,2.529
25-10-1982,2.555
26-10-1982,2.548
27-10-1982,2.543
28-10-1982,2.561
29-10-1982,2.56
01-11-1982,2.553
03-11-1982,2.558
04-11-1982,2.576
05-11-1982,2.579
08-11-1982,2.596
09-11-1982,2.582
10-11-1982,2.577
12-11-1982,2.591
15-11-1982,2.587
16-11-1982,2.572
17-11-1982,2.574
18-11-1982,2.569
19-11-1982,2.543
22-11-1982,2.546
23-11-1982,2.549
24-11-1982,2.527
26-11-1982,2.507
29-11-1982,2.485
30-11-1982,2.465
01-12-1982,2.467
02-12-1982,2.448
03-12-1982,2.426
06-12-1982,2.429
07-12-1982,2.425
08-12-1982,2.434
09-12-1982,2.459
10-12-1982,2.453
13-12-1982,2.478
14-12-1982,2.439
15-12-1982,2.451
16-12-1982,2.417
17-12-1982,2.421
20-12-1982,2.418
21-12-1982,2.407
22-12-1982,2.405
23-12-1982,2.396
24-12-1982,2.39
27-12-1982,2.382
28-12-1982,2.371
29-12-1982,2.373
30-12-1982,2.382
31-12-1982,2.378
03-01-1983,2.374
04-01-1983,2.366
05-01-1983,2.349
06-01-1983,2.35
07-01-1983,2.338
10-01-1983,2.332
11-01-1983,2.345
12-01-1983,2.361
13-01-1983,2.342
14-01-1983,2.355
17-01-1983,2.358
18-01-1983,2.393
19-01-1983,2.414
20-01-1983,2.423
21-01-1983,2.442
24-01-1983,2.465
25-01-1983,2.422
26-01-1983,2.426
27-01-1983,2.427
28-01-1983,2.432
31-01-1983,2.465
01-02-1983,2.464
02-02-1983,2.495
03-02-1983,2.466
04-02-1983,2.476
07-02-1983,2.451
08-02-1983,2.443
09-02-1983,2.431
10-02-1983,2.411
11-02-1983,2.406
14-02-1983,2.413
15-02-1983,2.41
16-02-1983,2.388
17-02-1983,2.397
18-02-1983,2.397
22-02-1983,2.41
23-02-1983,2.418
24-02-1983,2.409
25-02-1983,2.415
28-02-1983,2.434
01-03-1983,2.443
02-03-1983,2.432
03-03-1983,2.425
04-03-1983,2.403
07-03-1983,2.389
08-03-1983,2.406
09-03-1983,2.407
10-03-1983,2.394
11-03-1983,2.399
14-03-1983,2.384
15-03-1983,2.388
16-03-1983,2.381
17-03-1983,2.388
18-03-1983,2.396
21-03-1983,2.417
22-03-1983,2.418
23-03-1983,2.425
24-03-1983,2.422
25-03-1983,2.417
28-03-1983,2.434
29-03-1983,2.431
30-03-1983,2.428
31-03-1983,2.431
01-04-1983,2.427
04-04-1983,2.419
05-04-1983,2.418
06-04-1983,2.413
07-04-1983,2.417
08-04-1983,2.427
11-04-1983,2.423
12-04-1983,2.425
13-04-1983,2.442
14-04-1983,2.443
15-04-1983,2.437
18-04-1983,2.459
19-04-1983,2.45
20-04-1983,2.461
21-04-1983,2.456
22-04-1983,2.447
25-04-1983,2.445
26-04-1983,2.451
27-04-1983,2.449
28-04-1983,2.464
29-04-1983,2.467
02-05-1983,2.462
03-05-1983,2.458
04-05-1983,2.447
05-05-1983,2.444
06-05-1983,2.442
09-05-1983,2.435
10-05-1983,2.444
11-05-1983,2.437
12-05-1983,2.441
13-05-1983,2.443
16-05-1983,2.462
17-05-1983,2.462
18-05-1983,2.465
19-05-1983,2.479
20-05-1983,2.478
23-05-1983,2.485
24-05-1983,2.494
25-05-1983,2.49
26-05-1983,2.495
27-05-1983,2.515
31-05-1983,2.525
01-06-1983,2.548
02-06-1983,2.541
03-06-1983,2.543
06-06-1983,2.565
07-06-1983,2.569
08-06-1983,2.568
09-06-1983,2.565
10-06-1983,2.556
13-06-1983,2.554
14-06-1983,2.565
15-06-1983,2.568
16-06-1983,2.556
17-06-1983,2.559
20-06-1983,2.546
21-06-1983,2.55
22-06-1983,2.522
23-06-1983,2.524
24-06-1983,2.526
27-06-1983,2.533
28-06-1983,2.54
29-06-1983,2.544
30-06-1983,2.541
01-07-1983,2.541
05-07-1983,2.569
06-07-1983,2.568
07-07-1983,2.577
08-07-1983,2.578
11-07-1983,2.586
12-07-1983,2.588
13-07-1983,2.585
14-07-1983,2.578
15-07-1983,2.599
18-07-1983,2.597
19-07-1983,2.592
20-07-1983,2.577
21-07-1983,2.582
22-07-1983,2.592
25-07-1983,2.607
26-07-1983,2.611
27-07-1983,2.625
28-07-1983,2.629
29-07-1983,2.649
01-08-1983,2.679
02-08-1983,2.661
03-08-1983,2.661
04-08-1983,2.67
05-08-1983,2.682
08-08-1983,2.696
09-08-1983,2.69
10-08-1983,2.725
11-08-1983,2.735
12-08-1983,2.724
15-08-1983,2.711
16-08-1983,2.662
17-08-1983,2.641
18-08-1983,2.635
19-08-1983,2.656
22-08-1983,2.635
23-08-1983,2.629
24-08-1983,2.636
25-08-1983,2.64
26-08-1983,2.663
29-08-1983,2.68
30-08-1983,2.688
31-08-1983,2.697
01-09-1983,2.696
02-09-1983,2.696
06-09-1983,2.681
07-09-1983,2.688
08-09-1983,2.677
09-09-1983,2.673
12-09-1983,2.661
13-09-1983,2.68
14-09-1983,2.687
15-09-1983,2.68
16-09-1983,2.667
19-09-1983,2.658
20-09-1983,2.669
21-09-1983,2.667
22-09-1983,2.683
23-09-1983,2.653
26-09-1983,2.646
27-09-1983,2.651
28-09-1983,2.646
29-09-1983,2.641
30-09-1983,2.632
03-10-1983,2.623
04-10-1983,2.628
05-10-1983,2.596
06-10-1983,2.581
07-10-1983,2.567
11-10-1983,2.587
12-10-1983,2.614
13-10-1983,2.605
14-10-1983,2.618
17-10-1983,2.603
18-10-1983,2.584
19-10-1983,2.585
20-10-1983,2.589
21-10-1983,2.583
24-10-1983,2.61
25-10-1983,2.604
26-10-1983,2.618
27-10-1983,2.619
28-10-1983,2.621
31-10-1983,2.632
01-11-1983,2.655
02-11-1983,2.645
03-11-1983,2.659
04-11-1983,2.671
07-11-1983,2.68
09-11-1983,2.668
10-11-1983,2.658
14-11-1983,2.676
15-11-1983,2.678
16-11-1983,2.687
17-11-1983,2.698
18-11-1983,2.705
21-11-1983,2.701
22-11-1983,2.689
23-11-1983,2.703
25-11-1983,2.712
28-11-1983,2.712
29-11-1983,2.715
30-11-1983,2.699
01-12-1983,2.702
02-12-1983,2.712
05-12-1983,2.744
06-12-1983,2.735
07-12-1983,2.736
08-12-1983,2.735
09-12-1983,2.752
12-12-1983,2.753
13-12-1983,2.771
14-12-1983,2.767
15-12-1983,2.772
16-12-1983,2.777
19-12-1983,2.772
20-12-1983,2.768
21-12-1983,2.769
22-12-1983,2.769
23-12-1983,2.759
27-12-1983,2.756
28-12-1983,2.752
29-12-1983,2.729
30-12-1983,2.725
03-01-1984,2.761
04-01-1984,2.788
05-01-1984,2.798
06-01-1984,2.811
09-01-1984,2.829
10-01-1984,2.814
11-01-1984,2.84
12-01-1984,2.84
13-01-1984,2.808
16-01-1984,2.798
17-01-1984,2.809
18-01-1984,2.803
19-01-1984,2.793
20-01-1984,2.821
23-01-1984,2.812
24-01-1984,2.826
25-01-1984,2.823
26-01-1984,2.811
27-01-1984,2.821
30-01-1984,2.812
31-01-1984,2.817
01-02-1984,2.792
02-02-1984,2.76
03-02-1984,2.736
06-02-1984,2.743
07-02-1984,2.766
08-02-1984,2.754
09-02-1984,2.738
10-02-1984,2.742
14-02-1984,2.722
15-02-1984,2.667
16-02-1984,2.674
17-02-1984,2.683
21-02-1984,2.708
22-02-1984,2.663
23-02-1984,2.662
24-02-1984,2.625
27-02-1984,2.636
28-02-1984,2.604
29-02-1984,2.598
01-03-1984,2.611
02-03-1984,2.586
05-03-1984,2.58
06-03-1984,2.552
07-03-1984,2.555
08-03-1984,2.588
09-03-1984,2.582
12-03-1984,2.603
13-03-1984,2.572
14-03-1984,2.566
15-03-1984,2.584
16-03-1984,2.628
19-03-1984,2.629
20-03-1984,2.637
21-03-1984,2.647
22-03-1984,2.636
23-03-1984,2.629
26-03-1984,2.6
27-03-1984,2.589
28-03-1984,2.592
29-03-1984,2.586
30-03-1984,2.594
02-04-1984,2.598
03-04-1984,2.623
04-04-1984,2.622
05-04-1984,2.631
06-04-1984,2.623
09-04-1984,2.631
10-04-1984,2.619
11-04-1984,2.61
12-04-1984,2.618
13-04-1984,2.626
16-04-1984,2.635
17-04-1984,2.642
18-04-1984,2.646
19-04-1984,2.66
20-04-1984,2.666
23-04-1984,2.662
24-04-1984,2.683
25-04-1984,2.681
26-04-1984,2.697
27-04-1984,2.705
30-04-1984,2.722
01-05-1984,2.729
02-05-1984,2.727
03-05-1984,2.705
04-05-1984,2.724
07-05-1984,2.773
08-05-1984,2.782
09-05-1984,2.768
10-05-1984,2.779
11-05-1984,2.774
14-05-1984,2.756
15-05-1984,2.743
16-05-1984,2.746
17-05-1984,2.76
18-05-1984,2.777
21-05-1984,2.756
22-05-1984,2.742
23-05-1984,2.759
24-05-1984,2.743
25-05-1984,2.728
29-05-1984,2.732
30-05-1984,2.736
31-05-1984,2.732
01-06-1984,2.685
04-06-1984,2.666
05-06-1984,2.686
06-06-1984,2.678
07-06-1984,2.695
08-06-1984,2.698
11-06-1984,2.715
12-06-1984,2.725
13-06-1984,2.716
14-06-1984,2.721
15-06-1984,2.741
18-06-1984,2.756
19-06-1984,2.759
20-06-1984,2.779
21-06-1984,2.783
22-06-1984,2.783
25-06-1984,2.804
26-06-1984,2.787
27-06-1984,2.797
28-06-1984,2.784
29-06-1984,2.782
02-07-1984,2.792
03-07-1984,2.821
05-07-1984,2.829
06-07-1984,2.839
09-07-1984,2.841
10-07-1984,2.824
11-07-1984,2.841
12-07-1984,2.849
13-07-1984,2.832
16-07-1984,2.822
17-07-1984,2.849
18-07-1984,2.863
19-07-1984,2.845
20-07-1984,2.86
23-07-1984,2.877
24-07-1984,2.868
25-07-1984,2.852
26-07-1984,2.847
27-07-1984,2.886
30-07-1984,2.894
31-07-1984,2.906
01-08-1984,2.918
02-08-1984,2.898
03-08-1984,2.861
06-08-1984,2.886
07-08-1984,2.915
08-08-1984,2.906
09-08-1984,2.9
10-08-1984,2.898
13-08-1984,2.915
14-08-1984,2.888
15-08-1984,2.879
16-08-1984,2.857
17-08-1984,2.861
20-08-1984,2.87
21-08-1984,2.885
22-08-1984,2.88
23-08-1984,2.865
24-08-1984,2.874
27-08-1984,2.884
28-08-1984,2.88
29-08-1984,2.877
30-08-1984,2.887
31-08-1984,2.89
04-09-1984,2.93
05-09-1984,2.954
06-09-1984,2.948
07-09-1984,2.987
10-09-1984,2.992
11-09-1984,3.008
12-09-1984,2.998
13-09-1984,3.04
14-09-1984,3.034
17-09-1984,3.073
18-09-1984,3.094
19-09-1984,3.096
20-09-1984,3.128
21-09-1984,3.065
24-09-1984,3.027
25-09-1984,3.075
26-09-1984,3.042
27-09-1984,3.035
28-09-1984,3.072
01-10-1984,3.062
02-10-1984,3.042
03-10-1984,3.016
04-10-1984,3.028
05-10-1984,3.05
09-10-1984,3.088
10-10-1984,3.078
11-10-1984,3.096
12-10-1984,3.119
15-10-1984,3.135
16-10-1984,3.14
17-10-1984,3.121
18-10-1984,3.119
19-10-1984,3.072
22-10-1984,3.074
23-10-1984,3.041
24-10-1984,3.023
25-10-1984,3.011
26-10-1984,3.032
29-10-1984,3.072
30-10-1984,3.045
31-10-1984,3.031
01-11-1984,2.989
02-11-1984,2.948
05-11-1984,2.93
07-11-1984,2.939
08-11-1984,2.94
09-11-1984,2.948
13-11-1984,2.943
14-11-1984,2.973
15-11-1984,2.962
16-11-1984,2.973
19-11-1984,2.995
20-11-1984,3.009
21-11-1984,3.019
23-11-1984,3.031
26-11-1984,3.062
27-11-1984,3.055
28-11-1984,3.072
29-11-1984,3.079
30-11-1984,3.11
03-12-1984,3.115
04-12-1984,3.06
05-12-1984,3.079
06-12-1984,3.062
07-12-1984,3.087
10-12-1984,3.093
11-12-1984,3.087
12-12-1984,3.087
13-12-1984,3.105
14-12-1984,3.091
17-12-1984,3.09
18-12-1984,3.087
19-12-1984,3.1
20-12-1984,3.13
21-12-1984,3.116
24-12-1984,3.124
26-12-1984,3.126
27-12-1984,3.152
28-12-1984,3.144
31-12-1984,3.155
02-01-1985,3.173
03-01-1985,3.163
04-01-1985,3.168
07-01-1985,3.178
08-01-1985,3.155
09-01-1985,3.163
10-01-1985,3.141
11-01-1985,3.155
14-01-1985,3.193
15-01-1985,3.186
16-01-1985,3.19
17-01-1985,3.183
18-01-1985,3.184
22-01-1985,3.171
23-01-1985,3.182
24-01-1985,3.158
25-01-1985,3.166
28-01-1985,3.167
29-01-1985,3.177
30-01-1985,3.17
31-01-1985,3.163
01-02-1985,3.18
04-02-1985,3.214
05-02-1985,3.226
06-02-1985,3.223
07-02-1985,3.246
08-02-1985,3.258
11-02-1985,3.276
13-02-1985,3.302
14-02-1985,3.29
15-02-1985,3.267
19-02-1985,3.315
20-02-1985,3.337
21-02-1985,3.358
22-02-1985,3.388
25-02-1985,3.453
26-02-1985,3.435
27-02-1985,3.335
28-02-1985,3.344
01-03-1985,3.354
04-03-1985,3.376
05-03-1985,3.432
06-03-1985,3.385
07-03-1985,3.397
08-03-1985,3.415
11-03-1985,3.339
12-03-1985,3.346
13-03-1985,3.357
14-03-1985,3.386
15-03-1985,3.378
18-03-1985,3.341
19-03-1985,3.277
20-03-1985,3.258
21-03-1985,3.21
22-03-1985,3.228
25-03-1985,3.237
26-03-1985,3.209
27-03-1985,3.127
28-03-1985,3.131
29-03-1985,3.083
01-04-1985,3.119
02-04-1985,3.154
03-04-1985,3.122
04-04-1985,3.178
05-04-1985,3.175
08-04-1985,3.164
09-04-1985,3.141
10-04-1985,3.135
11-04-1985,3.074
12-04-1985,3.06
15-04-1985,3.027
16-04-1985,3.028
17-04-1985,3.037
18-04-1985,2.98
19-04-1985,2.979
22-04-1985,3.02
23-04-1985,3.08
24-04-1985,3.119
25-04-1985,3.15
26-04-1985,3.133
29-04-1985,3.11
30-04-1985,3.098
01-05-1985,3.149
02-05-1985,3.178
03-05-1985,3.219
06-05-1985,3.222
07-05-1985,3.168
08-05-1985,3.194
09-05-1985,3.112
10-05-1985,3.121
13-05-1985,3.073
14-05-1985,3.045
15-05-1985,3.077
16-05-1985,3.09
17-05-1985,3.068
20-05-1985,3.036
21-05-1985,3.067
22-05-1985,3.079
23-05-1985,3.083
24-05-1985,3.094
28-05-1985,3.113
29-05-1985,3.079
30-05-1985,3.081
31-05-1985,3.059
03-06-1985,3.043
04-06-1985,3.055
05-06-1985,3.074
06-06-1985,3.058
07-06-1985,3.08
10-06-1985,3.102
11-06-1985,3.089
12-06-1985,3.09
13-06-1985,3.1
14-06-1985,3.058
17-06-1985,3.062
18-06-1985,3.03
19-06-1985,3.02
20-06-1985,3.075
21-06-1985,3.064
24-06-1985,3.07
25-06-1985,3.071
26-06-1985,3.044
27-06-1985,3.06
28-06-1985,3.029
01-07-1985,3.042
02-07-1985,3.046
03-07-1985,3.034
05-07-1985,3.007
08-07-1985,2.983
09-07-1985,2.96
10-07-1985,2.938
11-07-1985,2.919
12-07-1985,2.891
15-07-1985,2.879
16-07-1985,2.886
17-07-1985,2.837
18-07-1985,2.874
19-07-1985,2.889
22-07-1985,2.898
23-07-1985,2.85
24-07-1985,2.889
25-07-1985,2.864
26-07-1985,2.863
29-07-1985,2.823
30-07-1985,2.816
31-07-1985,2.8
01-08-1985,2.823
02-08-1985,2.825
05-08-1985,2.826
06-08-1985,2.85
07-08-1985,2.847
08-08-1985,2.829
09-08-1985,2.832
12-08-1985,2.798
13-08-1985,2.787
14-08-1985,2.791
15-08-1985,2.764
16-08-1985,2.758
19-08-1985,2.764
20-08-1985,2.779
21-08-1985,2.767
22-08-1985,2.743
23-08-1985,2.753
26-08-1985,2.773
27-08-1985,2.792
28-08-1985,2.772
29-08-1985,2.779
30-08-1985,2.811
03-09-1985,2.854
04-09-1985,2.851
05-09-1985,2.862
06-09-1985,2.932
09-09-1985,2.944
10-09-1985,2.941
11-09-1985,2.961
12-09-1985,2.944
13-09-1985,2.9
16-09-1985,2.882
17-09-1985,2.892
18-09-1985,2.907
19-09-1985,2.901
20-09-1985,2.848
23-09-1985,2.732
24-09-1985,2.716
25-09-1985,2.68
26-09-1985,2.662
27-09-1985,2.678
30-09-1985,2.679
01-10-1985,2.653
02-10-1985,2.649
03-10-1985,2.62
04-10-1985,2.635
07-10-1985,2.651
08-10-1985,2.647
09-10-1985,2.648
10-10-1985,2.657
11-10-1985,2.658
15-10-1985,2.663
16-10-1985,2.685
17-10-1985,2.649
18-10-1985,2.638
21-10-1985,2.638
22-10-1985,2.645
23-10-1985,2.638
24-10-1985,2.651
25-10-1985,2.654
28-10-1985,2.643
29-10-1985,2.622
30-10-1985,2.624
31-10-1985,2.619
01-11-1985,2.602
04-11-1985,2.598
05-11-1985,2.614
06-11-1985,2.6
07-11-1985,2.628
08-11-1985,2.624
12-11-1985,2.624
13-11-1985,2.615
14-11-1985,2.616
15-11-1985,2.624
18-11-1985,2.615
19-11-1985,2.599
20-11-1985,2.613
21-11-1985,2.594
22-11-1985,2.578
25-11-1985,2.566
26-11-1985,2.551
27-11-1985,2.543
29-11-1985,2.513
02-12-1985,2.522
03-12-1985,2.534
04-12-1985,2.52
05-12-1985,2.519
06-12-1985,2.526
09-12-1985,2.535
10-12-1985,2.54
11-12-1985,2.543
12-12-1985,2.515
13-12-1985,2.522
16-12-1985,2.524
17-12-1985,2.512
18-12-1985,2.518
19-12-1985,2.517
20-12-1985,2.512
23-12-1985,2.505
24-12-1985,2.506
26-12-1985,2.505
27-12-1985,2.473
30-12-1985,2.465
31-12-1985,2.447
02-01-1986,2.438
03-01-1986,2.461
06-01-1986,2.448
07-01-1986,2.445
08-01-1986,2.457
09-01-1986,2.448
10-01-1986,2.456
13-01-1986,2.463
14-01-1986,2.468
15-01-1986,2.463
16-01-1986,2.468
17-01-1986,2.465
21-01-1986,2.458
22-01-1986,2.449
23-01-1986,2.455
24-01-1986,2.417
27-01-1986,2.399
28-01-1986,2.398
29-01-1986,2.389
30-01-1986,2.379
31-01-1986,2.388
03-02-1986,2.401
04-02-1986,2.415
05-02-1986,2.386
06-02-1986,2.392
07-02-1986,2.41
10-02-1986,2.386
11-02-1986,2.375
12-02-1986,2.368
13-02-1986,2.349
14-02-1986,2.347
18-02-1986,2.344
19-02-1986,2.307
20-02-1986,2.308
21-02-1986,2.309
24-02-1986,2.283
25-02-1986,2.245
26-02-1986,2.228
27-02-1986,2.222
28-02-1986,2.231
03-03-1986,2.221
04-03-1986,2.201
05-03-1986,2.267
06-03-1986,2.243
07-03-1986,2.238
10-03-1986,2.281
11-03-1986,2.266
12-03-1986,2.284
13-03-1986,2.296
14-03-1986,2.263
17-03-1986,2.25
18-03-1986,2.248
19-03-1986,2.262
20-03-1986,2.257
21-03-1986,2.242
24-03-1986,2.288
25-03-1986,2.339
26-03-1986,2.33
27-03-1986,2.327
28-03-1986,2.335
31-03-1986,2.345
01-04-1986,2.343
02-04-1986,2.374
03-04-1986,2.393
04-04-1986,2.389
07-04-1986,2.397
08-04-1986,2.339
09-04-1986,2.343
10-04-1986,2.328
11-04-1986,2.307
14-04-1986,2.313
15-04-1986,2.314
16-04-1986,2.25
17-04-1986,2.218
18-04-1986,2.218
21-04-1986,2.207
22-04-1986,2.203
23-04-1986,2.196
24-04-1986,2.201
25-04-1986,2.176
28-04-1986,2.165
29-04-1986,2.176
30-04-1986,2.165
01-05-1986,2.205
02-05-1986,2.215
05-05-1986,2.188
06-05-1986,2.208
07-05-1986,2.197
08-05-1986,2.18
09-05-1986,2.178
12-05-1986,2.174
13-05-1986,2.198
14-05-1986,2.185
15-05-1986,2.197
16-05-1986,2.211
19-05-1986,2.224
20-05-1986,2.241
21-05-1986,2.243
22-05-1986,2.279
23-05-1986,2.276
27-05-1986,2.274
28-05-1986,2.28
29-05-1986,2.306
30-05-1986,2.325
02-06-1986,2.325
03-06-1986,2.274
04-06-1986,2.279
05-06-1986,2.238
06-06-1986,2.23
09-06-1986,2.236
10-06-1986,2.22
11-06-1986,2.214
12-06-1986,2.21
13-06-1986,2.209
16-06-1986,2.201
17-06-1986,2.241
18-06-1986,2.241
19-06-1986,2.233
20-06-1986,2.246
23-06-1986,2.249
24-06-1986,2.222
25-06-1986,2.216
26-06-1986,2.221
27-06-1986,2.204
30-06-1986,2.201
01-07-1986,2.176
02-07-1986,2.189
03-07-1986,2.174
07-07-1986,2.183
08-07-1986,2.181
09-07-1986,2.187
10-07-1986,2.175
11-07-1986,2.189
14-07-1986,2.181
15-07-1986,2.166
16-07-1986,2.15
17-07-1986,2.148
18-07-1986,2.131
21-07-1986,2.121
22-07-1986,2.138
23-07-1986,2.133
24-07-1986,2.138
25-07-1986,2.146
28-07-1986,2.114
29-07-1986,2.112
30-07-1986,2.114
31-07-1986,2.094
01-08-1986,2.084
04-08-1986,2.084
05-08-1986,2.09
06-08-1986,2.085
07-08-1986,2.067
08-08-1986,2.07
11-08-1986,2.061
12-08-1986,2.078
13-08-1986,2.071
14-08-1986,2.063
15-08-1986,2.063
18-08-1986,2.071
19-08-1986,2.059
20-08-1986,2.049
21-08-1986,2.043
22-08-1986,2.045
25-08-1986,2.043
26-08-1986,2.05
27-08-1986,2.046
28-08-1986,2.05
29-08-1986,2.035
02-09-1986,2.032
03-09-1986,2.027
04-09-1986,2.03
05-09-1986,2.048
08-09-1986,2.072
09-09-1986,2.06
10-09-1986,2.064
11-09-1986,2.092
12-09-1986,2.061
15-09-1986,2.052
16-09-1986,2.049
17-09-1986,2.029
18-09-1986,1.99
19-09-1986,1.992
22-09-1986,2.031
23-09-1986,2.052
24-09-1986,2.048
25-09-1986,2.046
26-09-1986,2.046
29-09-1986,2.026
30-09-1986,2.027
01-10-1986,2.022
02-10-1986,2.007
03-10-1986,2
06-10-1986,1.991
07-10-1986,2.002
08-10-1986,1.997
09-10-1986,2.004
10-10-1986,1.987
14-10-1986,1.975
15-10-1986,1.974
16-10-1986,1.976
17-10-1986,1.975
20-10-1986,1.988
21-10-1986,1.989
22-10-1986,1.986
23-10-1986,1.995
24-10-1986,2.032
27-10-1986,2.047
28-10-1986,2.034
29-10-1986,2.03
30-10-1986,2.053
31-10-1986,2.061
03-11-1986,2.064
04-11-1986,2.058
05-11-1986,2.064
06-11-1986,2.062
07-11-1986,2.066
10-11-1986,2.046
12-11-1986,2.023
13-11-1986,2.011
14-11-1986,2.003
17-11-1986,2.014
18-11-1986,2.013
19-11-1986,2.008
20-11-1986,2.009
21-11-1986,2.022
24-11-1986,2.019
25-11-1986,1.994
26-11-1986,1.992
28-11-1986,1.973
01-12-1986,1.966
02-12-1986,1.973
03-12-1986,1.973
04-12-1986,1.993
05-12-1986,2.001
08-12-1986,2.01
09-12-1986,2.019
10-12-1986,2.012
11-12-1986,2.017
12-12-1986,2.017
15-12-1986,2.018
16-12-1986,2.019
17-12-1986,2.016
18-12-1986,2.01
19-12-1986,2.007
22-12-1986,1.979
23-12-1986,1.966
24-12-1986,1.968
26-12-1986,1.963
29-12-1986,1.943
30-12-1986,1.947
31-12-1986,1.924
02-01-1987,1.918
05-01-1987,1.931
06-01-1987,1.92
07-01-1987,1.928
08-01-1987,1.921
09-01-1987,1.919
12-01-1987,1.892
13-01-1987,1.876
14-01-1987,1.836
15-01-1987,1.842
16-01-1987,1.845
20-01-1987,1.839
21-01-1987,1.848
22-01-1987,1.815
23-01-1987,1.826
26-01-1987,1.824
27-01-1987,1.806
28-01-1987,1.789
29-01-1987,1.787
30-01-1987,1.833
02-02-1987,1.807
03-02-1987,1.799
04-02-1987,1.814
05-02-1987,1.841
06-02-1987,1.856
09-02-1987,1.818
10-02-1987,1.798
11-02-1987,1.817
12-02-1987,1.825
13-02-1987,1.83
17-02-1987,1.815
18-02-1987,1.828
19-02-1987,1.835
20-02-1987,1.828
23-02-1987,1.831
24-02-1987,1.835
25-02-1987,1.83
26-02-1987,1.823
27-02-1987,1.828
02-03-1987,1.832
03-03-1987,1.834
04-03-1987,1.839
05-03-1987,1.832
06-03-1987,1.84
09-03-1987,1.855
10-03-1987,1.857
11-03-1987,1.871
12-03-1987,1.861
13-03-1987,1.853
16-03-1987,1.838
17-03-1987,1.839
18-03-1987,1.837
19-03-1987,1.834
20-03-1987,1.835
23-03-1987,1.821
24-03-1987,1.822
25-03-1987,1.827
26-03-1987,1.829
27-03-1987,1.824
30-03-1987,1.803
31-03-1987,1.802
01-04-1987,1.821
02-04-1987,1.815
03-04-1987,1.826
06-04-1987,1.826
07-04-1987,1.827
08-04-1987,1.84
09-04-1987,1.824
10-04-1987,1.807
13-04-1987,1.811
14-04-1987,1.803
15-04-1987,1.807
16-04-1987,1.812
17-04-1987,1.816
20-04-1987,1.813
21-04-1987,1.817
22-04-1987,1.825
23-04-1987,1.813
24-04-1987,1.791
27-04-1987,1.783
28-04-1987,1.796
29-04-1987,1.793
30-04-1987,1.799
01-05-1987,1.782
04-05-1987,1.774
05-05-1987,1.769
06-05-1987,1.774
07-05-1987,1.778
08-05-1987,1.789
11-05-1987,1.797
12-05-1987,1.79
13-05-1987,1.79
14-05-1987,1.787
15-05-1987,1.779
18-05-1987,1.779
19-05-1987,1.778
20-05-1987,1.774
21-05-1987,1.778
22-05-1987,1.779
26-05-1987,1.808
27-05-1987,1.82
28-05-1987,1.816
29-05-1987,1.824
01-06-1987,1.834
02-06-1987,1.804
03-06-1987,1.808
04-06-1987,1.819
05-06-1987,1.814
08-06-1987,1.805
09-06-1987,1.791
10-06-1987,1.796
11-06-1987,1.794
12-06-1987,1.812
15-06-1987,1.825
16-06-1987,1.827
17-06-1987,1.826
18-06-1987,1.825
19-06-1987,1.83
22-06-1987,1.841
23-06-1987,1.834
24-06-1987,1.823
25-06-1987,1.829
26-06-1987,1.827
29-06-1987,1.831
30-06-1987,1.826
01-07-1987,1.829
02-07-1987,1.832
03-07-1987,1.84
06-07-1987,1.84
07-07-1987,1.84
08-07-1987,1.842
09-07-1987,1.839
10-07-1987,1.845
13-07-1987,1.843
14-07-1987,1.85
15-07-1987,1.831
16-07-1987,1.837
17-07-1987,1.859
20-07-1987,1.862
21-07-1987,1.865
22-07-1987,1.864
23-07-1987,1.855
24-07-1987,1.854
27-07-1987,1.855
28-07-1987,1.857
29-07-1987,1.858
30-07-1987,1.856
31-07-1987,1.859
03-08-1987,1.865
04-08-1987,1.892
05-08-1987,1.878
06-08-1987,1.884
07-08-1987,1.89
10-08-1987,1.894
11-08-1987,1.898
12-08-1987,1.893
13-08-1987,1.887
14-08-1987,1.876
17-08-1987,1.877
18-08-1987,1.845
19-08-1987,1.841
20-08-1987,1.828
21-08-1987,1.818
24-08-1987,1.817
25-08-1987,1.823
26-08-1987,1.826
27-08-1987,1.814
28-08-1987,1.81
31-08-1987,1.811
01-09-1987,1.813
02-09-1987,1.803
03-09-1987,1.794
04-09-1987,1.796
08-09-1987,1.793
09-09-1987,1.797
10-09-1987,1.807
11-09-1987,1.8
14-09-1987,1.818
15-09-1987,1.816
16-09-1987,1.816
17-09-1987,1.817
18-09-1987,1.806
21-09-1987,1.815
22-09-1987,1.82
23-09-1987,1.822
24-09-1987,1.822
25-09-1987,1.821
28-09-1987,1.825
29-09-1987,1.84
30-09-1987,1.843
01-10-1987,1.847
02-10-1987,1.843
05-10-1987,1.843
06-10-1987,1.836
07-10-1987,1.826
08-10-1987,1.823
09-10-1987,1.814
13-10-1987,1.821
14-10-1987,1.811
15-10-1987,1.801
16-10-1987,1.802
19-10-1987,1.778
20-10-1987,1.808
21-10-1987,1.813
22-10-1987,1.814
23-10-1987,1.787
26-10-1987,1.775
27-10-1987,1.764
28-10-1987,1.753
29-10-1987,1.729
30-10-1987,1.728
02-11-1987,1.713
03-11-1987,1.715
04-11-1987,1.711
05-11-1987,1.669
06-11-1987,1.675
09-11-1987,1.662
10-11-1987,1.665
12-11-1987,1.699
13-11-1987,1.688
16-11-1987,1.704
17-11-1987,1.693
18-11-1987,1.688
19-11-1987,1.681
20-11-1987,1.682
23-11-1987,1.668
24-11-1987,1.687
25-11-1987,1.669
27-11-1987,1.655
30-11-1987,1.641
01-12-1987,1.649
02-12-1987,1.654
03-12-1987,1.66
04-12-1987,1.669
07-12-1987,1.672
08-12-1987,1.669
09-12-1987,1.664
10-12-1987,1.637
11-12-1987,1.632
14-12-1987,1.631
15-12-1987,1.631
16-12-1987,1.631
17-12-1987,1.623
18-12-1987,1.634
21-12-1987,1.635
22-12-1987,1.629
23-12-1987,1.637
24-12-1987,1.629
28-12-1987,1.597
29-12-1987,1.596
30-12-1987,1.594
31-12-1987,1.571
04-01-1988,1.585
05-01-1988,1.627
06-01-1988,1.649
07-01-1988,1.639
08-01-1988,1.651
11-01-1988,1.637
12-01-1988,1.635
13-01-1988,1.633
14-01-1988,1.637
15-01-1988,1.68
19-01-1988,1.676
20-01-1988,1.662
21-01-1988,1.664
22-01-1988,1.676
25-01-1988,1.678
26-01-1988,1.677
27-01-1988,1.671
28-01-1988,1.667
29-01-1988,1.679
01-02-1988,1.692
02-02-1988,1.682
03-02-1988,1.688
04-02-1988,1.69
05-02-1988,1.699
08-02-1988,1.695
09-02-1988,1.701
10-02-1988,1.691
11-02-1988,1.692
12-02-1988,1.714
16-02-1988,1.708
17-02-1988,1.706
18-02-1988,1.711
19-02-1988,1.708
22-02-1988,1.696
23-02-1988,1.692
24-02-1988,1.695
25-02-1988,1.697
26-02-1988,1.688
29-02-1988,1.688
01-03-1988,1.686
02-03-1988,1.694
03-03-1988,1.697
04-03-1988,1.69
07-03-1988,1.677
08-03-1988,1.669
09-03-1988,1.668
10-03-1988,1.665
11-03-1988,1.662
14-03-1988,1.664
15-03-1988,1.666
16-03-1988,1.672
17-03-1988,1.691
18-03-1988,1.697
21-03-1988,1.691
22-03-1988,1.694
23-03-1988,1.692
24-03-1988,1.68
25-03-1988,1.676
28-03-1988,1.661
29-03-1988,1.663
30-03-1988,1.664
31-03-1988,1.656
01-04-1988,1.656
04-04-1988,1.654
05-04-1988,1.67
06-04-1988,1.674
07-04-1988,1.68
08-04-1988,1.673
11-04-1988,1.687
12-04-1988,1.688
13-04-1988,1.694
14-04-1988,1.663
15-04-1988,1.661
18-04-1988,1.658
19-04-1988,1.663
20-04-1988,1.664
21-04-1988,1.664
22-04-1988,1.673
25-04-1988,1.678
26-04-1988,1.675
27-04-1988,1.675
28-04-1988,1.669
29-04-1988,1.675
02-05-1988,1.679
03-05-1988,1.677
04-05-1988,1.68
05-05-1988,1.679
06-05-1988,1.681
09-05-1988,1.682
10-05-1988,1.679
11-05-1988,1.678
12-05-1988,1.679
13-05-1988,1.683
16-05-1988,1.689
17-05-1988,1.704
18-05-1988,1.705
19-05-1988,1.701
20-05-1988,1.703
23-05-1988,1.702
24-05-1988,1.703
25-05-1988,1.706
26-05-1988,1.708
27-05-1988,1.719
31-05-1988,1.729
01-06-1988,1.726
02-06-1988,1.725
03-06-1988,1.727
06-06-1988,1.717
07-06-1988,1.715
08-06-1988,1.719
09-06-1988,1.72
10-06-1988,1.72
13-06-1988,1.725
14-06-1988,1.748
15-06-1988,1.753
16-06-1988,1.754
17-06-1988,1.753
20-06-1988,1.76
21-06-1988,1.758
22-06-1988,1.779
23-06-1988,1.786
24-06-1988,1.815
27-06-1988,1.819
28-06-1988,1.809
29-06-1988,1.83
30-06-1988,1.817
01-07-1988,1.82
05-07-1988,1.824
06-07-1988,1.822
07-07-1988,1.817
08-07-1988,1.838
11-07-1988,1.846
12-07-1988,1.838
13-07-1988,1.847
14-07-1988,1.848
15-07-1988,1.877
18-07-1988,1.882
19-07-1988,1.864
20-07-1988,1.851
21-07-1988,1.838
22-07-1988,1.826
25-07-1988,1.845
26-07-1988,1.861
27-07-1988,1.849
28-07-1988,1.865
29-07-1988,1.875
01-08-1988,1.877
02-08-1988,1.876
03-08-1988,1.876
04-08-1988,1.881
05-08-1988,1.893
08-08-1988,1.902
09-08-1988,1.916
10-08-1988,1.916
11-08-1988,1.9
12-08-1988,1.881
15-08-1988,1.881
16-08-1988,1.872
17-08-1988,1.913
18-08-1988,1.898
19-08-1988,1.892
22-08-1988,1.92
23-08-1988,1.907
24-08-1988,1.892
25-08-1988,1.864
26-08-1988,1.857
29-08-1988,1.869
30-08-1988,1.868
31-08-1988,1.879
01-09-1988,1.874
02-09-1988,1.859
06-09-1988,1.843
07-09-1988,1.844
08-09-1988,1.849
09-09-1988,1.849
12-09-1988,1.845
13-09-1988,1.85
14-09-1988,1.879
15-09-1988,1.876
16-09-1988,1.877
19-09-1988,1.869
20-09-1988,1.864
21-09-1988,1.875
22-09-1988,1.88
23-09-1988,1.876
26-09-1988,1.884
27-09-1988,1.879
28-09-1988,1.878
29-09-1988,1.883
30-09-1988,1.873
03-10-1988,1.861
04-10-1988,1.861
05-10-1988,1.863
06-10-1988,1.865
07-10-1988,1.862
11-10-1988,1.852
12-10-1988,1.836
13-10-1988,1.821
14-10-1988,1.813
17-10-1988,1.811
18-10-1988,1.804
19-10-1988,1.811
20-10-1988,1.803
21-10-1988,1.781
24-10-1988,1.789
25-10-1988,1.788
26-10-1988,1.775
27-10-1988,1.776
28-10-1988,1.778
31-10-1988,1.782
01-11-1988,1.786
02-11-1988,1.779
03-11-1988,1.772
04-11-1988,1.794
07-11-1988,1.784
08-11-1988,1.79
09-11-1988,1.761
10-11-1988,1.758
14-11-1988,1.745
15-11-1988,1.746
16-11-1988,1.724
17-11-1988,1.731
18-11-1988,1.736
21-11-1988,1.728
22-11-1988,1.721
23-11-1988,1.717
25-11-1988,1.716
28-11-1988,1.734
29-11-1988,1.727
30-11-1988,1.736
01-12-1988,1.733
02-12-1988,1.731
05-12-1988,1.724
06-12-1988,1.733
07-12-1988,1.76
08-12-1988,1.742
09-12-1988,1.734
12-12-1988,1.743
13-12-1988,1.747
14-12-1988,1.738
15-12-1988,1.749
16-12-1988,1.766
19-12-1988,1.763
20-12-1988,1.777
21-12-1988,1.77
22-12-1988,1.774
23-12-1988,1.777
27-12-1988,1.778
28-12-1988,1.787
29-12-1988,1.789
30-12-1988,1.774
03-01-1989,1.764
04-01-1989,1.788
05-01-1989,1.795
06-01-1989,1.814
09-01-1989,1.829
10-01-1989,1.835
11-01-1989,1.829
12-01-1989,1.825
13-01-1989,1.834
17-01-1989,1.851
18-01-1989,1.871
19-01-1989,1.867
20-01-1989,1.844
23-01-1989,1.838
24-01-1989,1.843
25-01-1989,1.843
26-01-1989,1.845
27-01-1989,1.863
30-01-1989,1.859
31-01-1989,1.879
01-02-1989,1.864
02-02-1989,1.869
03-02-1989,1.88
06-02-1989,1.879
07-02-1989,1.868
08-02-1989,1.872
09-02-1989,1.86
10-02-1989,1.862
13-02-1989,1.87
14-02-1989,1.85
15-02-1989,1.844
16-02-1989,1.842
17-02-1989,1.837
21-02-1989,1.842
22-02-1989,1.836
23-02-1989,1.822
24-02-1989,1.824
27-02-1989,1.818
28-02-1989,1.823
01-03-1989,1.837
02-03-1989,1.842
03-03-1989,1.841
06-03-1989,1.853
07-03-1989,1.854
08-03-1989,1.859
09-03-1989,1.862
10-03-1989,1.863
13-03-1989,1.868
14-03-1989,1.858
15-03-1989,1.872
16-03-1989,1.872
17-03-1989,1.876
20-03-1989,1.876
21-03-1989,1.873
22-03-1989,1.869
23-03-1989,1.872
24-03-1989,1.874
27-03-1989,1.883
28-03-1989,1.894
29-03-1989,1.892
30-03-1989,1.898
31-03-1989,1.897
03-04-1989,1.883
04-04-1989,1.871
05-04-1989,1.872
06-04-1989,1.869
07-04-1989,1.875
10-04-1989,1.88
11-04-1989,1.887
12-04-1989,1.886
13-04-1989,1.874
14-04-1989,1.871
17-04-1989,1.856
18-04-1989,1.853
19-04-1989,1.862
20-04-1989,1.847
21-04-1989,1.849
24-04-1989,1.861
25-04-1989,1.866
26-04-1989,1.879
27-04-1989,1.877
28-04-1989,1.88
01-05-1989,1.891
02-05-1989,1.887
03-05-1989,1.89
04-05-1989,1.892
05-05-1989,1.899
08-05-1989,1.908
09-05-1989,1.916
10-05-1989,1.905
11-05-1989,1.914
12-05-1989,1.92
15-05-1989,1.942
16-05-1989,1.944
17-05-1989,1.973
18-05-1989,1.967
19-05-1989,1.97
22-05-1989,2.009
23-05-1989,2.008
24-05-1989,2.012
25-05-1989,1.995
26-05-1989,1.99
30-05-1989,2.009
31-05-1989,1.976
01-06-1989,1.984
02-06-1989,1.958
05-06-1989,1.963
06-06-1989,1.98
07-06-1989,1.962
08-06-1989,1.978
09-06-1989,2.003
12-06-1989,2.025
13-06-1989,2.027
14-06-1989,2.03
15-06-1989,2.024
16-06-1989,1.992
19-06-1989,1.974
20-06-1989,1.978
21-06-1989,1.97
22-06-1989,1.96
23-06-1989,1.941
26-06-1989,1.958
27-06-1989,1.957
28-06-1989,1.965
29-06-1989,1.956
30-06-1989,1.955
03-07-1989,1.929
05-07-1989,1.89
06-07-1989,1.891
07-07-1989,1.884
10-07-1989,1.858
11-07-1989,1.881
12-07-1989,1.876
13-07-1989,1.882
14-07-1989,1.904
17-07-1989,1.907
18-07-1989,1.892
19-07-1989,1.902
20-07-1989,1.901
21-07-1989,1.906
24-07-1989,1.909
25-07-1989,1.896
26-07-1989,1.875
27-07-1989,1.869
28-07-1989,1.888
31-07-1989,1.866
01-08-1989,1.865
02-08-1989,1.852
03-08-1989,1.866
04-08-1989,1.897
07-08-1989,1.906
08-08-1989,1.891
09-08-1989,1.901
10-08-1989,1.892
11-08-1989,1.939
14-08-1989,1.939
15-08-1989,1.947
16-08-1989,1.942
17-08-1989,1.969
18-08-1989,1.95
21-08-1989,1.952
22-08-1989,1.941
23-08-1989,1.957
24-08-1989,1.959
25-08-1989,1.954
28-08-1989,1.959
29-08-1989,1.938
30-08-1989,1.946
31-08-1989,1.958
01-09-1989,1.978
05-09-1989,1.991
06-09-1989,1.975
07-09-1989,1.985
08-09-1989,1.981
11-09-1989,1.987
12-09-1989,1.988
13-09-1989,1.981
14-09-1989,1.969
15-09-1989,2
18-09-1989,1.953
19-09-1989,1.95
20-09-1989,1.942
21-09-1989,1.944
22-09-1989,1.95
25-09-1989,1.906
26-09-1989,1.889
27-09-1989,1.883
28-09-1989,1.882
29-09-1989,1.873
02-10-1989,1.875
03-10-1989,1.887
04-10-1989,1.878
05-10-1989,1.886
06-10-1989,1.893
10-10-1989,1.897
11-10-1989,1.917
12-10-1989,1.908
13-10-1989,1.891
16-10-1989,1.866
17-10-1989,1.852
18-10-1989,1.854
19-10-1989,1.852
20-10-1989,1.854
23-10-1989,1.856
24-10-1989,1.839
25-10-1989,1.841
26-10-1989,1.838
27-10-1989,1.83
30-10-1989,1.837
31-10-1989,1.841
01-11-1989,1.838
02-11-1989,1.848
03-11-1989,1.848
06-11-1989,1.852
07-11-1989,1.845
08-11-1989,1.846
09-11-1989,1.849
10-11-1989,1.863
13-11-1989,1.862
14-11-1989,1.849
15-11-1989,1.839
16-11-1989,1.836
17-11-1989,1.842
20-11-1989,1.836
21-11-1989,1.821
22-11-1989,1.814
24-11-1989,1.805
27-11-1989,1.79
28-11-1989,1.788
29-11-1989,1.783
30-11-1989,1.78
01-12-1989,1.782
04-12-1989,1.781
05-12-1989,1.777
06-12-1989,1.766
07-12-1989,1.773
08-12-1989,1.772
11-12-1989,1.766
12-12-1989,1.734
13-12-1989,1.74
14-12-1989,1.737
15-12-1989,1.723
18-12-1989,1.726
19-12-1989,1.738
20-12-1989,1.741
21-12-1989,1.726
22-12-1989,1.708
26-12-1989,1.7
27-12-1989,1.69
28-12-1989,1.688
29-12-1989,1.69
02-01-1990,1.709
03-01-1990,1.721
04-01-1990,1.684
05-01-1990,1.681
08-01-1990,1.669
09-01-1990,1.682
10-01-1990,1.68
11-01-1990,1.682
12-01-1990,1.68
16-01-1990,1.695
17-01-1990,1.691
18-01-1990,1.709
19-01-1990,1.705
22-01-1990,1.723
23-01-1990,1.697
24-01-1990,1.687
25-01-1990,1.688
26-01-1990,1.693
29-01-1990,1.679
30-01-1990,1.682
31-01-1990,1.688
01-02-1990,1.682
02-02-1990,1.686
05-02-1990,1.67
06-02-1990,1.658
07-02-1990,1.655
08-02-1990,1.673
09-02-1990,1.675
12-02-1990,1.67
13-02-1990,1.677
14-02-1990,1.672
15-02-1990,1.681
16-02-1990,1.68
20-02-1990,1.675
21-02-1990,1.666
22-02-1990,1.67
23-02-1990,1.678
26-02-1990,1.692
27-02-1990,1.685
28-02-1990,1.697
01-03-1990,1.715
02-03-1990,1.72
05-03-1990,1.704
06-03-1990,1.701
07-03-1990,1.707
08-03-1990,1.702
09-03-1990,1.705
12-03-1990,1.711
13-03-1990,1.717
14-03-1990,1.713
15-03-1990,1.703
16-03-1990,1.695
19-03-1990,1.683
20-03-1990,1.697
21-03-1990,1.709
22-03-1990,1.705
23-03-1990,1.711
26-03-1990,1.712
27-03-1990,1.712
28-03-1990,1.711
29-03-1990,1.698
30-03-1990,1.688
02-04-1990,1.704
03-04-1990,1.701
04-04-1990,1.7
05-04-1990,1.7
06-04-1990,1.696
09-04-1990,1.693
10-04-1990,1.691
11-04-1990,1.675
12-04-1990,1.673
13-04-1990,1.673
16-04-1990,1.678
17-04-1990,1.678
18-04-1990,1.673
19-04-1990,1.677
20-04-1990,1.689
23-04-1990,1.698
24-04-1990,1.695
25-04-1990,1.683
26-04-1990,1.683
27-04-1990,1.676
30-04-1990,1.679
01-05-1990,1.681
02-05-1990,1.683
03-05-1990,1.683
04-05-1990,1.672
07-05-1990,1.656
08-05-1990,1.658
09-05-1990,1.638
10-05-1990,1.637
11-05-1990,1.631
14-05-1990,1.645
15-05-1990,1.647
16-05-1990,1.643
17-05-1990,1.648
18-05-1990,1.648
21-05-1990,1.664
22-05-1990,1.67
23-05-1990,1.673
24-05-1990,1.678
25-05-1990,1.683
29-05-1990,1.672
30-05-1990,1.682
31-05-1990,1.699
01-06-1990,1.694
04-06-1990,1.693
05-06-1990,1.692
06-06-1990,1.688
07-06-1990,1.692
08-06-1990,1.697
11-06-1990,1.692
12-06-1990,1.693
13-06-1990,1.693
14-06-1990,1.695
15-06-1990,1.694
18-06-1990,1.677
19-06-1990,1.669
20-06-1990,1.679
21-06-1990,1.681
22-06-1990,1.675
25-06-1990,1.678
26-06-1990,1.672
27-06-1990,1.664
28-06-1990,1.669
29-06-1990,1.666
02-07-1990,1.658
03-07-1990,1.652
05-07-1990,1.649
06-07-1990,1.654
09-07-1990,1.649
10-07-1990,1.646
11-07-1990,1.651
12-07-1990,1.658
13-07-1990,1.643
16-07-1990,1.653
17-07-1990,1.646
18-07-1990,1.644
19-07-1990,1.644
20-07-1990,1.642
23-07-1990,1.628
24-07-1990,1.619
25-07-1990,1.619
26-07-1990,1.623
27-07-1990,1.615
30-07-1990,1.609
31-07-1990,1.588
01-08-1990,1.593
02-08-1990,1.595
03-08-1990,1.593
06-08-1990,1.577
07-08-1990,1.581
08-08-1990,1.595
09-08-1990,1.592
10-08-1990,1.59
13-08-1990,1.577
14-08-1990,1.57
15-08-1990,1.563
16-08-1990,1.564
17-08-1990,1.551
20-08-1990,1.558
21-08-1990,1.555
22-08-1990,1.554
23-08-1990,1.548
24-08-1990,1.558
27-08-1990,1.552
28-08-1990,1.553
29-08-1990,1.558
30-08-1990,1.566
31-08-1990,1.576
04-09-1990,1.584
05-09-1990,1.564
06-09-1990,1.558
07-09-1990,1.566
10-09-1990,1.582
11-09-1990,1.592
12-09-1990,1.588
13-09-1990,1.575
14-09-1990,1.562
17-09-1990,1.558
18-09-1990,1.548
19-09-1990,1.569
20-09-1990,1.58
21-09-1990,1.578
24-09-1990,1.557
25-09-1990,1.564
26-09-1990,1.572
27-09-1990,1.571
28-09-1990,1.567
01-10-1990,1.552
02-10-1990,1.555
03-10-1990,1.545
04-10-1990,1.534
05-10-1990,1.547
09-10-1990,1.526
10-10-1990,1.528
11-10-1990,1.532
12-10-1990,1.518
15-10-1990,1.523
16-10-1990,1.516
17-10-1990,1.511
18-10-1990,1.511
19-10-1990,1.504
22-10-1990,1.517
23-10-1990,1.518
24-10-1990,1.508
25-10-1990,1.513
26-10-1990,1.517
29-10-1990,1.517
30-10-1990,1.519
31-10-1990,1.516
01-11-1990,1.508
02-11-1990,1.502
05-11-1990,1.487
06-11-1990,1.487
07-11-1990,1.482
08-11-1990,1.488
09-11-1990,1.488
13-11-1990,1.48
14-11-1990,1.472
15-11-1990,1.478
16-11-1990,1.471
19-11-1990,1.475
20-11-1990,1.477
21-11-1990,1.482
23-11-1990,1.486
26-11-1990,1.492
27-11-1990,1.48
28-11-1990,1.485
29-11-1990,1.497
30-11-1990,1.5
03-12-1990,1.514
04-12-1990,1.503
05-12-1990,1.503
06-12-1990,1.49
07-12-1990,1.479
10-12-1990,1.473
11-12-1990,1.481
12-12-1990,1.478
13-12-1990,1.481
14-12-1990,1.485
17-12-1990,1.487
18-12-1990,1.484
19-12-1990,1.479
20-12-1990,1.503
21-12-1990,1.527
24-12-1990,1.546
26-12-1990,1.532
27-12-1990,1.53
28-12-1990,1.497
31-12-1990,1.497
02-01-1991,1.49
03-01-1991,1.493
04-01-1991,1.508
07-01-1991,1.533
08-01-1991,1.531
09-01-1991,1.514
10-01-1991,1.532
11-01-1991,1.533
14-01-1991,1.545
15-01-1991,1.544
16-01-1991,1.544
17-01-1991,1.514
18-01-1991,1.504
22-01-1991,1.495
23-01-1991,1.488
24-01-1991,1.486
25-01-1991,1.49
28-01-1991,1.49
29-01-1991,1.488
30-01-1991,1.493
31-01-1991,1.479
01-02-1991,1.468
04-02-1991,1.465
05-02-1991,1.463
06-02-1991,1.451
07-02-1991,1.452
08-02-1991,1.457
11-02-1991,1.445
12-02-1991,1.453
13-02-1991,1.457
14-02-1991,1.466
15-02-1991,1.477
19-02-1991,1.493
20-02-1991,1.497
21-02-1991,1.491
22-02-1991,1.506
25-02-1991,1.523
26-02-1991,1.52
27-02-1991,1.522
28-02-1991,1.526
01-03-1991,1.538
04-03-1991,1.537
05-03-1991,1.534
06-03-1991,1.542
07-03-1991,1.548
08-03-1991,1.563
11-03-1991,1.58
12-03-1991,1.572
13-03-1991,1.577
14-03-1991,1.579
15-03-1991,1.599
18-03-1991,1.633
19-03-1991,1.654
20-03-1991,1.65
21-03-1991,1.638
22-03-1991,1.645
25-03-1991,1.671
26-03-1991,1.69
27-03-1991,1.706
28-03-1991,1.706
29-03-1991,1.698
01-04-1991,1.685
02-04-1991,1.678
03-04-1991,1.668
04-04-1991,1.665
05-04-1991,1.681
08-04-1991,1.689
09-04-1991,1.668
10-04-1991,1.679
11-04-1991,1.671
12-04-1991,1.684
15-04-1991,1.677
16-04-1991,1.665
17-04-1991,1.673
18-04-1991,1.689
19-04-1991,1.737
22-04-1991,1.767
23-04-1991,1.742
24-04-1991,1.754
25-04-1991,1.748
26-04-1991,1.755
29-04-1991,1.769
30-04-1991,1.719
01-05-1991,1.706
02-05-1991,1.724
03-05-1991,1.748
06-05-1991,1.738
07-05-1991,1.721
08-05-1991,1.733
09-05-1991,1.744
10-05-1991,1.727
13-05-1991,1.714
14-05-1991,1.702
15-05-1991,1.691
16-05-1991,1.698
17-05-1991,1.738
20-05-1991,1.728
21-05-1991,1.713
22-05-1991,1.722
23-05-1991,1.714
24-05-1991,1.708
28-05-1991,1.698
29-05-1991,1.713
30-05-1991,1.721
31-05-1991,1.74
03-06-1991,1.746
04-06-1991,1.739
05-06-1991,1.749
06-06-1991,1.753
07-06-1991,1.77
10-06-1991,1.771
11-06-1991,1.773
12-06-1991,1.792
13-06-1991,1.798
14-06-1991,1.79
17-06-1991,1.798
18-06-1991,1.814
19-06-1991,1.79
20-06-1991,1.798
21-06-1991,1.799
24-06-1991,1.785
25-06-1991,1.799
26-06-1991,1.785
27-06-1991,1.796
28-06-1991,1.814
01-07-1991,1.822
02-07-1991,1.835
03-07-1991,1.831
05-07-1991,1.827
08-07-1991,1.811
09-07-1991,1.818
10-07-1991,1.815
11-07-1991,1.834
12-07-1991,1.789
15-07-1991,1.788
16-07-1991,1.8
17-07-1991,1.79
18-07-1991,1.771
19-07-1991,1.749
22-07-1991,1.759
23-07-1991,1.757
24-07-1991,1.737
25-07-1991,1.756
26-07-1991,1.739
29-07-1991,1.753
30-07-1991,1.752
31-07-1991,1.747
01-08-1991,1.758
02-08-1991,1.735
05-08-1991,1.72
06-08-1991,1.713
07-08-1991,1.709
08-08-1991,1.724
09-08-1991,1.728
12-08-1991,1.725
13-08-1991,1.731
14-08-1991,1.735
15-08-1991,1.733
16-08-1991,1.761
19-08-1991,1.817
20-08-1991,1.804
21-08-1991,1.753
22-08-1991,1.728
23-08-1991,1.753
26-08-1991,1.748
27-08-1991,1.749
28-08-1991,1.74
29-08-1991,1.747
30-08-1991,1.749
03-09-1991,1.74
04-09-1991,1.737
05-09-1991,1.74
06-09-1991,1.733
09-09-1991,1.695
10-09-1991,1.694
11-09-1991,1.697
12-09-1991,1.687
13-09-1991,1.685
16-09-1991,1.674
17-09-1991,1.671
18-09-1991,1.682
19-09-1991,1.69
20-09-1991,1.688
23-09-1991,1.673
24-09-1991,1.678
25-09-1991,1.683
26-09-1991,1.684
27-09-1991,1.676
30-09-1991,1.663
01-10-1991,1.666
02-10-1991,1.663
03-10-1991,1.666
04-10-1991,1.678
07-10-1991,1.681
08-10-1991,1.696
09-10-1991,1.692
10-10-1991,1.694
11-10-1991,1.693
15-10-1991,1.712
16-10-1991,1.702
17-10-1991,1.703
18-10-1991,1.689
21-10-1991,1.691
22-10-1991,1.695
23-10-1991,1.704
24-10-1991,1.7
25-10-1991,1.701
28-10-1991,1.711
29-10-1991,1.691
30-10-1991,1.672
31-10-1991,1.668
01-11-1991,1.662
04-11-1991,1.632
05-11-1991,1.643
06-11-1991,1.641
07-11-1991,1.631
08-11-1991,1.643
12-11-1991,1.637
13-11-1991,1.639
14-11-1991,1.631
15-11-1991,1.638
18-11-1991,1.606
19-11-1991,1.603
20-11-1991,1.603
21-11-1991,1.597
22-11-1991,1.586
25-11-1991,1.583
26-11-1991,1.58
27-11-1991,1.616
29-11-1991,1.627
02-12-1991,1.609
03-12-1991,1.614
04-12-1991,1.615
05-12-1991,1.59
06-12-1991,1.573
09-12-1991,1.575
10-12-1991,1.578
11-12-1991,1.576
12-12-1991,1.581
13-12-1991,1.583
16-12-1991,1.579
17-12-1991,1.577
18-12-1991,1.574
19-12-1991,1.559
20-12-1991,1.535
23-12-1991,1.515
24-12-1991,1.525
26-12-1991,1.511
27-12-1991,1.517
30-12-1991,1.52
31-12-1991,1.52
02-01-1992,1.528
03-01-1992,1.547
06-01-1992,1.519
07-01-1992,1.521
08-01-1992,1.515
09-01-1992,1.547
10-01-1992,1.583
13-01-1992,1.573
14-01-1992,1.591
15-01-1992,1.622
16-01-1992,1.618
17-01-1992,1.608
21-01-1992,1.584
22-01-1992,1.587
23-01-1992,1.596
24-01-1992,1.586
27-01-1992,1.617
28-01-1992,1.596
29-01-1992,1.59
30-01-1992,1.622
31-01-1992,1.608
03-02-1992,1.598
04-02-1992,1.593
05-02-1992,1.59
06-02-1992,1.577
07-02-1992,1.56
10-02-1992,1.572
11-02-1992,1.592
12-02-1992,1.606
13-02-1992,1.623
14-02-1992,1.629
18-02-1992,1.649
19-02-1992,1.647
20-02-1992,1.647
21-02-1992,1.65
24-02-1992,1.649
25-02-1992,1.641
26-02-1992,1.653
27-02-1992,1.644
28-02-1992,1.637
02-03-1992,1.641
03-03-1992,1.657
04-03-1992,1.672
05-03-1992,1.672
06-03-1992,1.67
09-03-1992,1.665
10-03-1992,1.672
11-03-1992,1.665
12-03-1992,1.673
13-03-1992,1.667
16-03-1992,1.666
17-03-1992,1.653
18-03-1992,1.649
19-03-1992,1.67
20-03-1992,1.678
23-03-1992,1.67
24-03-1992,1.665
25-03-1992,1.651
26-03-1992,1.662
27-03-1992,1.645
30-03-1992,1.649
31-03-1992,1.647
01-04-1992,1.651
02-04-1992,1.646
03-04-1992,1.624
06-04-1992,1.622
07-04-1992,1.625
08-04-1992,1.626
09-04-1992,1.621
10-04-1992,1.638
13-04-1992,1.655
14-04-1992,1.645
15-04-1992,1.662
16-04-1992,1.666
17-04-1992,1.669
20-04-1992,1.674
21-04-1992,1.67
22-04-1992,1.663
23-04-1992,1.662
24-04-1992,1.652
27-04-1992,1.651
28-04-1992,1.656
29-04-1992,1.657
30-04-1992,1.653
01-05-1992,1.641
04-05-1992,1.644
05-05-1992,1.642
06-05-1992,1.632
07-05-1992,1.636
08-05-1992,1.647
11-05-1992,1.642
12-05-1992,1.622
13-05-1992,1.622
14-05-1992,1.613
15-05-1992,1.615
18-05-1992,1.595
19-05-1992,1.591
20-05-1992,1.601
21-05-1992,1.615
22-05-1992,1.619
26-05-1992,1.608
27-05-1992,1.634
28-05-1992,1.627
29-05-1992,1.607
01-06-1992,1.611
02-06-1992,1.607
03-06-1992,1.604
04-06-1992,1.6
05-06-1992,1.588
08-06-1992,1.59
09-06-1992,1.591
10-06-1992,1.594
11-06-1992,1.579
12-06-1992,1.577
15-06-1992,1.571
16-06-1992,1.568
17-06-1992,1.578
18-06-1992,1.565
19-06-1992,1.571
22-06-1992,1.566
23-06-1992,1.565
24-06-1992,1.552
25-06-1992,1.542
26-06-1992,1.539
29-06-1992,1.517
30-06-1992,1.524
01-07-1992,1.518
02-07-1992,1.514
03-07-1992,1.517
06-07-1992,1.513
07-07-1992,1.5
08-07-1992,1.497
09-07-1992,1.518
10-07-1992,1.496
13-07-1992,1.479
14-07-1992,1.491
15-07-1992,1.478
16-07-1992,1.476
17-07-1992,1.46
20-07-1992,1.482
21-07-1992,1.489
22-07-1992,1.489
23-07-1992,1.484
24-07-1992,1.502
27-07-1992,1.483
28-07-1992,1.474
29-07-1992,1.484
30-07-1992,1.482
31-07-1992,1.481
03-08-1992,1.478
04-08-1992,1.475
05-08-1992,1.478
06-08-1992,1.482
07-08-1992,1.465
10-08-1992,1.468
11-08-1992,1.471
12-08-1992,1.465
13-08-1992,1.459
14-08-1992,1.468
17-08-1992,1.463
18-08-1992,1.458
19-08-1992,1.453
20-08-1992,1.448
21-08-1992,1.438
24-08-1992,1.404
25-08-1992,1.4
26-08-1992,1.407
27-08-1992,1.411
28-08-1992,1.407
31-08-1992,1.402
01-09-1992,1.394
02-09-1992,1.391
03-09-1992,1.412
04-09-1992,1.405
08-09-1992,1.392
09-09-1992,1.412
10-09-1992,1.411
11-09-1992,1.452
14-09-1992,1.486
15-09-1992,1.487
16-09-1992,1.518
17-09-1992,1.482
18-09-1992,1.502
21-09-1992,1.482
22-09-1992,1.491
23-09-1992,1.502
24-09-1992,1.486
25-09-1992,1.486
28-09-1992,1.452
29-09-1992,1.426
30-09-1992,1.415
01-10-1992,1.426
02-10-1992,1.409
05-10-1992,1.405
06-10-1992,1.43
07-10-1992,1.443
08-10-1992,1.472
09-10-1992,1.487
13-10-1992,1.472
14-10-1992,1.463
15-10-1992,1.45
16-10-1992,1.477
19-10-1992,1.485
20-10-1992,1.52
21-10-1992,1.509
22-10-1992,1.511
23-10-1992,1.532
26-10-1992,1.539
27-10-1992,1.536
28-10-1992,1.54
29-10-1992,1.541
30-10-1992,1.543
02-11-1992,1.567
03-11-1992,1.563
04-11-1992,1.568
05-11-1992,1.578
06-11-1992,1.595
09-11-1992,1.589
10-11-1992,1.597
12-11-1992,1.588
13-11-1992,1.566
16-11-1992,1.593
17-11-1992,1.6
18-11-1992,1.597
19-11-1992,1.58
20-11-1992,1.593
23-11-1992,1.602
24-11-1992,1.602
25-11-1992,1.594
27-11-1992,1.599
30-11-1992,1.594
01-12-1992,1.582
02-12-1992,1.572
03-12-1992,1.582
04-12-1992,1.598
07-12-1992,1.568
08-12-1992,1.556
09-12-1992,1.571
10-12-1992,1.582
11-12-1992,1.577
14-12-1992,1.57
15-12-1992,1.568
16-12-1992,1.555
17-12-1992,1.562
18-12-1992,1.567
21-12-1992,1.567
22-12-1992,1.587
23-12-1992,1.595
24-12-1992,1.599
28-12-1992,1.608
29-12-1992,1.613
30-12-1992,1.614
31-12-1992,1.62
04-01-1993,1.638
05-01-1993,1.625
06-01-1993,1.635
07-01-1993,1.637
08-01-1993,1.639
11-01-1993,1.63
12-01-1993,1.632
13-01-1993,1.633
14-01-1993,1.62
15-01-1993,1.634
19-01-1993,1.612
20-01-1993,1.607
21-01-1993,1.616
22-01-1993,1.59
25-01-1993,1.573
26-01-1993,1.577
27-01-1993,1.583
28-01-1993,1.586
29-01-1993,1.611
01-02-1993,1.638
02-02-1993,1.642
03-02-1993,1.646
04-02-1993,1.654
05-02-1993,1.655
08-02-1993,1.655
09-02-1993,1.652
10-02-1993,1.655
11-02-1993,1.658
12-02-1993,1.663
16-02-1993,1.633
17-02-1993,1.629
18-02-1993,1.634
19-02-1993,1.636
22-02-1993,1.629
23-02-1993,1.614
24-02-1993,1.619
25-02-1993,1.634
26-02-1993,1.642
01-03-1993,1.647
02-03-1993,1.643
03-03-1993,1.648
04-03-1993,1.636
05-03-1993,1.668
08-03-1993,1.663
09-03-1993,1.668
10-03-1993,1.666
11-03-1993,1.662
12-03-1993,1.666
15-03-1993,1.662
16-03-1993,1.664
17-03-1993,1.665
18-03-1993,1.654
19-03-1993,1.634
22-03-1993,1.638
23-03-1993,1.632
24-03-1993,1.629
25-03-1993,1.642
26-03-1993,1.63
29-03-1993,1.63
30-03-1993,1.618
31-03-1993,1.611
01-04-1993,1.597
02-04-1993,1.611
05-04-1993,1.596
06-04-1993,1.613
07-04-1993,1.616
08-04-1993,1.607
09-04-1993,1.604
12-04-1993,1.593
13-04-1993,1.58
14-04-1993,1.591
15-04-1993,1.605
16-04-1993,1.615
19-04-1993,1.601
20-04-1993,1.599
21-04-1993,1.605
22-04-1993,1.606
23-04-1993,1.583
26-04-1993,1.568
27-04-1993,1.58
28-04-1993,1.585
29-04-1993,1.582
30-04-1993,1.588
03-05-1993,1.584
04-05-1993,1.572
05-05-1993,1.58
06-05-1993,1.579
07-05-1993,1.584
10-05-1993,1.604
11-05-1993,1.609
12-05-1993,1.612
13-05-1993,1.615
14-05-1993,1.602
17-05-1993,1.618
18-05-1993,1.625
19-05-1993,1.624
20-05-1993,1.613
21-05-1993,1.627
24-05-1993,1.637
25-05-1993,1.629
26-05-1993,1.632
27-05-1993,1.613
28-05-1993,1.588
01-06-1993,1.592
02-06-1993,1.597
03-06-1993,1.601
04-06-1993,1.624
07-06-1993,1.621
08-06-1993,1.625
09-06-1993,1.638
10-06-1993,1.634
11-06-1993,1.622
14-06-1993,1.626
15-06-1993,1.637
16-06-1993,1.659
17-06-1993,1.657
18-06-1993,1.68
21-06-1993,1.69
22-06-1993,1.698
23-06-1993,1.694
24-06-1993,1.709
25-06-1993,1.704
28-06-1993,1.7
29-06-1993,1.693
30-06-1993,1.706
01-07-1993,1.702
02-07-1993,1.696
06-07-1993,1.7
07-07-1993,1.708
08-07-1993,1.705
09-07-1993,1.722
12-07-1993,1.729
13-07-1993,1.72
14-07-1993,1.717
15-07-1993,1.724
16-07-1993,1.723
19-07-1993,1.706
20-07-1993,1.71
21-07-1993,1.698
22-07-1993,1.708
23-07-1993,1.719
26-07-1993,1.724
27-07-1993,1.727
28-07-1993,1.719
29-07-1993,1.736
30-07-1993,1.741
02-08-1993,1.716
03-08-1993,1.704
04-08-1993,1.711
05-08-1993,1.716
06-08-1993,1.698
09-08-1993,1.697
10-08-1993,1.708
11-08-1993,1.718
12-08-1993,1.718
13-08-1993,1.711
16-08-1993,1.687
17-08-1993,1.697
18-08-1993,1.684
19-08-1993,1.686
20-08-1993,1.679
23-08-1993,1.69
24-08-1993,1.683
25-08-1993,1.689
26-08-1993,1.669
27-08-1993,1.667
30-08-1993,1.674
31-08-1993,1.678
01-09-1993,1.66
02-09-1993,1.648
03-09-1993,1.622
07-09-1993,1.611
08-09-1993,1.62
09-09-1993,1.6
10-09-1993,1.598
13-09-1993,1.612
14-09-1993,1.607
15-09-1993,1.594
16-09-1993,1.607
17-09-1993,1.611
20-09-1993,1.614
21-09-1993,1.641
22-09-1993,1.629
23-09-1993,1.645
24-09-1993,1.649
27-09-1993,1.631
28-09-1993,1.617
29-09-1993,1.614
30-09-1993,1.634
01-10-1993,1.631
04-10-1993,1.625
05-10-1993,1.624
06-10-1993,1.623
07-10-1993,1.623
08-10-1993,1.606
12-10-1993,1.597
13-10-1993,1.604
14-10-1993,1.614
15-10-1993,1.615
18-10-1993,1.628
19-10-1993,1.638
20-10-1993,1.646
21-10-1993,1.664
22-10-1993,1.675
25-10-1993,1.672
26-10-1993,1.684
27-10-1993,1.682
28-10-1993,1.686
29-10-1993,1.677
01-11-1993,1.694
02-11-1993,1.695
03-11-1993,1.694
04-11-1993,1.697
05-11-1993,1.692
08-11-1993,1.686
09-11-1993,1.695
10-11-1993,1.692
12-11-1993,1.693
15-11-1993,1.691
16-11-1993,1.705
17-11-1993,1.706
18-11-1993,1.712
19-11-1993,1.716
22-11-1993,1.704
23-11-1993,1.701
24-11-1993,1.702
26-11-1993,1.712
29-11-1993,1.709
30-11-1993,1.718
01-12-1993,1.718
02-12-1993,1.722
03-12-1993,1.722
06-12-1993,1.707
07-12-1993,1.706
08-12-1993,1.706
09-12-1993,1.706
10-12-1993,1.698
13-12-1993,1.705
14-12-1993,1.714
15-12-1993,1.716
16-12-1993,1.709
17-12-1993,1.705
20-12-1993,1.714
21-12-1993,1.709
22-12-1993,1.702
23-12-1993,1.694
24-12-1993,1.698
27-12-1993,1.701
28-12-1993,1.701
29-12-1993,1.718
30-12-1993,1.735
31-12-1993,1.74
03-01-1994,1.742
04-01-1994,1.738
05-01-1994,1.741
06-01-1994,1.743
07-01-1994,1.732
10-01-1994,1.734
11-01-1994,1.74
12-01-1994,1.735
13-01-1994,1.751
14-01-1994,1.751
18-01-1994,1.747
19-01-1994,1.747
20-01-1994,1.737
21-01-1994,1.747
24-01-1994,1.751
25-01-1994,1.754
26-01-1994,1.747
27-01-1994,1.745
28-01-1994,1.733
31-01-1994,1.74
01-02-1994,1.732
02-02-1994,1.734
03-02-1994,1.737
04-02-1994,1.752
07-02-1994,1.761
08-02-1994,1.763
09-02-1994,1.758
10-02-1994,1.754
11-02-1994,1.753
14-02-1994,1.743
15-02-1994,1.728
16-02-1994,1.724
17-02-1994,1.731
18-02-1994,1.719
22-02-1994,1.726
23-02-1994,1.729
24-02-1994,1.721
25-02-1994,1.709
28-02-1994,1.704
01-03-1994,1.712
02-03-1994,1.703
03-03-1994,1.708
04-03-1994,1.718
07-03-1994,1.718
08-03-1994,1.717
09-03-1994,1.709
10-03-1994,1.688
11-03-1994,1.677
14-03-1994,1.691
15-03-1994,1.694
16-03-1994,1.689
17-03-1994,1.685
18-03-1994,1.691
21-03-1994,1.698
22-03-1994,1.687
23-03-1994,1.686
24-03-1994,1.668
25-03-1994,1.667
28-03-1994,1.673
29-03-1994,1.675
30-03-1994,1.674
31-03-1994,1.668
01-04-1994,1.695
04-04-1994,1.698
05-04-1994,1.711
06-04-1994,1.715
07-04-1994,1.719
08-04-1994,1.711
11-04-1994,1.712
12-04-1994,1.72
13-04-1994,1.712
14-04-1994,1.709
15-04-1994,1.712
18-04-1994,1.719
19-04-1994,1.701
20-04-1994,1.695
21-04-1994,1.69
22-04-1994,1.694
25-04-1994,1.679
26-04-1994,1.679
27-04-1994,1.671
28-04-1994,1.667
29-04-1994,1.661
02-05-1994,1.647
03-05-1994,1.641
04-05-1994,1.659
05-05-1994,1.667
06-05-1994,1.663
09-05-1994,1.654
10-05-1994,1.672
11-05-1994,1.672
12-05-1994,1.668
13-05-1994,1.67
16-05-1994,1.674
17-05-1994,1.666
18-05-1994,1.657
19-05-1994,1.655
20-05-1994,1.647
23-05-1994,1.646
24-05-1994,1.654
25-05-1994,1.645
26-05-1994,1.644
27-05-1994,1.644
31-05-1994,1.645
01-06-1994,1.645
02-06-1994,1.654
03-06-1994,1.668
06-06-1994,1.668
07-06-1994,1.667
08-06-1994,1.671
09-06-1994,1.675
10-06-1994,1.666
13-06-1994,1.647
14-06-1994,1.644
15-06-1994,1.636
16-06-1994,1.632
17-06-1994,1.612
20-06-1994,1.601
21-06-1994,1.593
22-06-1994,1.606
23-06-1994,1.601
24-06-1994,1.587
27-06-1994,1.578
28-06-1994,1.581
29-06-1994,1.584
30-06-1994,1.585
01-07-1994,1.593
05-07-1994,1.584
06-07-1994,1.569
07-07-1994,1.574
08-07-1994,1.566
11-07-1994,1.536
12-07-1994,1.522
13-07-1994,1.536
14-07-1994,1.549
15-07-1994,1.557
18-07-1994,1.546
19-07-1994,1.566
20-07-1994,1.562
21-07-1994,1.575
22-07-1994,1.592
25-07-1994,1.591
26-07-1994,1.587
27-07-1994,1.576
28-07-1994,1.582
29-07-1994,1.588
01-08-1994,1.578
02-08-1994,1.579
03-08-1994,1.581
04-08-1994,1.582
05-08-1994,1.58
08-08-1994,1.58
09-08-1994,1.582
10-08-1994,1.577
11-08-1994,1.578
12-08-1994,1.559
15-08-1994,1.551
16-08-1994,1.551
17-08-1994,1.556
18-08-1994,1.547
19-08-1994,1.54
22-08-1994,1.531
23-08-1994,1.539
24-08-1994,1.546
25-08-1994,1.547
26-08-1994,1.567
29-08-1994,1.579
30-08-1994,1.578
31-08-1994,1.58
01-09-1994,1.574
02-09-1994,1.557
06-09-1994,1.544
07-09-1994,1.549
08-09-1994,1.558
09-09-1994,1.539
12-09-1994,1.541
13-09-1994,1.548
14-09-1994,1.54
15-09-1994,1.548
16-09-1994,1.535
19-09-1994,1.552
20-09-1994,1.555
21-09-1994,1.548
22-09-1994,1.547
23-09-1994,1.544
26-09-1994,1.556
27-09-1994,1.549
28-09-1994,1.55
29-09-1994,1.548
30-09-1994,1.551
03-10-1994,1.555
04-10-1994,1.551
05-10-1994,1.543
06-10-1994,1.545
07-10-1994,1.545
11-10-1994,1.548
12-10-1994,1.543
13-10-1994,1.541
14-10-1994,1.52
17-10-1994,1.501
18-10-1994,1.502
19-10-1994,1.503
20-10-1994,1.502
21-10-1994,1.499
24-10-1994,1.497
25-10-1994,1.492
26-10-1994,1.496
27-10-1994,1.497
28-10-1994,1.51
31-10-1994,1.504
01-11-1994,1.497
02-11-1994,1.504
03-11-1994,1.524
04-11-1994,1.522
07-11-1994,1.514
08-11-1994,1.507
09-11-1994,1.529
10-11-1994,1.533
14-11-1994,1.541
15-11-1994,1.545
16-11-1994,1.552
17-11-1994,1.546
18-11-1994,1.555
21-11-1994,1.56
22-11-1994,1.555
23-11-1994,1.552
25-11-1994,1.56
28-11-1994,1.565
29-11-1994,1.567
30-11-1994,1.569
01-12-1994,1.574
02-12-1994,1.577
05-12-1994,1.572
06-12-1994,1.575
07-12-1994,1.572
08-12-1994,1.577
09-12-1994,1.578
12-12-1994,1.574
13-12-1994,1.571
14-12-1994,1.571
15-12-1994,1.571
16-12-1994,1.573
19-12-1994,1.574
20-12-1994,1.573
21-12-1994,1.571
22-12-1994,1.578
23-12-1994,1.58
27-12-1994,1.577
28-12-1994,1.571
29-12-1994,1.55
30-12-1994,1.55
03-01-1995,1.555
04-01-1995,1.561
05-01-1995,1.552
06-01-1995,1.56
09-01-1995,1.546
10-01-1995,1.54
11-01-1995,1.536
12-01-1995,1.527
13-01-1995,1.536
17-01-1995,1.531
18-01-1995,1.53
19-01-1995,1.523
20-01-1995,1.513
23-01-1995,1.512
24-01-1995,1.513
25-01-1995,1.516
26-01-1995,1.514
27-01-1995,1.516
30-01-1995,1.504
31-01-1995,1.523
01-02-1995,1.524
02-02-1995,1.519
03-02-1995,1.526
06-02-1995,1.531
07-02-1995,1.536
08-02-1995,1.533
09-02-1995,1.528
10-02-1995,1.522
13-02-1995,1.521
14-02-1995,1.514
15-02-1995,1.512
16-02-1995,1.492
17-02-1995,1.489
21-02-1995,1.477
22-02-1995,1.471
23-02-1995,1.47
24-02-1995,1.467
27-02-1995,1.457
28-02-1995,1.457
01-03-1995,1.465
02-03-1995,1.459
03-03-1995,1.435
06-03-1995,1.399
07-03-1995,1.374
08-03-1995,1.394
09-03-1995,1.394
10-03-1995,1.412
13-03-1995,1.408
14-03-1995,1.413
15-03-1995,1.386
16-03-1995,1.397
17-03-1995,1.386
20-03-1995,1.401
21-03-1995,1.417
22-03-1995,1.406
23-03-1995,1.407
24-03-1995,1.419
27-03-1995,1.406
28-03-1995,1.392
29-03-1995,1.384
30-03-1995,1.412
31-03-1995,1.379
03-04-1995,1.374
04-04-1995,1.384
05-04-1995,1.381
06-04-1995,1.376
07-04-1995,1.384
10-04-1995,1.41
11-04-1995,1.402
12-04-1995,1.404
13-04-1995,1.39
14-04-1995,1.391
17-04-1995,1.37
18-04-1995,1.365
19-04-1995,1.357
20-04-1995,1.381
21-04-1995,1.375
24-04-1995,1.375
25-04-1995,1.368
26-04-1995,1.378
27-04-1995,1.376
28-04-1995,1.386
01-05-1995,1.39
02-05-1995,1.379
03-05-1995,1.374
04-05-1995,1.369
05-05-1995,1.372
08-05-1995,1.364
09-05-1995,1.373
10-05-1995,1.392
11-05-1995,1.429
12-05-1995,1.447
15-05-1995,1.445
16-05-1995,1.436
17-05-1995,1.437
18-05-1995,1.457
19-05-1995,1.44
22-05-1995,1.44
23-05-1995,1.447
24-05-1995,1.439
25-05-1995,1.404
26-05-1995,1.379
30-05-1995,1.388
31-05-1995,1.414
01-06-1995,1.418
02-06-1995,1.419
05-06-1995,1.405
06-06-1995,1.416
07-06-1995,1.405
08-06-1995,1.415
09-06-1995,1.404
12-06-1995,1.401
13-06-1995,1.406
14-06-1995,1.401
15-06-1995,1.413
16-06-1995,1.402
19-06-1995,1.404
20-06-1995,1.394
21-06-1995,1.392
22-06-1995,1.399
23-06-1995,1.388
26-06-1995,1.393
27-06-1995,1.384
28-06-1995,1.402
29-06-1995,1.384
30-06-1995,1.384
03-07-1995,1.381
05-07-1995,1.38
06-07-1995,1.382
07-07-1995,1.393
10-07-1995,1.397
11-07-1995,1.404
12-07-1995,1.403
13-07-1995,1.392
14-07-1995,1.392
17-07-1995,1.395
18-07-1995,1.388
19-07-1995,1.387
20-07-1995,1.38
21-07-1995,1.387
24-07-1995,1.384
25-07-1995,1.395
26-07-1995,1.388
27-07-1995,1.382
28-07-1995,1.38
31-07-1995,1.385
01-08-1995,1.382
02-08-1995,1.399
03-08-1995,1.39
04-08-1995,1.394
07-08-1995,1.406
08-08-1995,1.41
09-08-1995,1.407
10-08-1995,1.422
11-08-1995,1.435
14-08-1995,1.436
15-08-1995,1.474
16-08-1995,1.475
17-08-1995,1.478
18-08-1995,1.473
21-08-1995,1.472
22-08-1995,1.484
23-08-1995,1.482
24-08-1995,1.477
25-08-1995,1.479
28-08-1995,1.463
29-08-1995,1.472
30-08-1995,1.476
31-08-1995,1.468
01-09-1995,1.466
05-09-1995,1.463
06-09-1995,1.479
07-09-1995,1.476
08-09-1995,1.48
11-09-1995,1.472
12-09-1995,1.471
13-09-1995,1.493
14-09-1995,1.485
15-09-1995,1.488
18-09-1995,1.486
19-09-1995,1.485
20-09-1995,1.467
21-09-1995,1.435
22-09-1995,1.411
25-09-1995,1.428
26-09-1995,1.438
27-09-1995,1.427
28-09-1995,1.422
29-09-1995,1.43
02-10-1995,1.429
03-10-1995,1.441
04-10-1995,1.433
05-10-1995,1.427
06-10-1995,1.426
10-10-1995,1.419
11-10-1995,1.426
12-10-1995,1.422
13-10-1995,1.431
16-10-1995,1.421
17-10-1995,1.415
18-10-1995,1.422
19-10-1995,1.411
20-10-1995,1.399
23-10-1995,1.386
24-10-1995,1.387
25-10-1995,1.394
26-10-1995,1.403
27-10-1995,1.401
30-10-1995,1.404
31-10-1995,1.407
01-11-1995,1.415
02-11-1995,1.418
03-11-1995,1.415
06-11-1995,1.414
07-11-1995,1.418
08-11-1995,1.418
09-11-1995,1.412
10-11-1995,1.413
13-11-1995,1.419
14-11-1995,1.414
15-11-1995,1.403
16-11-1995,1.41
17-11-1995,1.402
20-11-1995,1.41
21-11-1995,1.41
22-11-1995,1.406
24-11-1995,1.418
27-11-1995,1.437
28-11-1995,1.432
29-11-1995,1.436
30-11-1995,1.447
01-12-1995,1.444
04-12-1995,1.439
05-12-1995,1.437
06-12-1995,1.445
07-12-1995,1.444
08-12-1995,1.447
11-12-1995,1.444
12-12-1995,1.449
13-12-1995,1.451
14-12-1995,1.441
15-12-1995,1.443
18-12-1995,1.431
19-12-1995,1.439
20-12-1995,1.442
21-12-1995,1.44
22-12-1995,1.439
26-12-1995,1.434
27-12-1995,1.431
28-12-1995,1.442
29-12-1995,1.435
02-01-1996,1.435
03-01-1996,1.441
04-01-1996,1.454
05-01-1996,1.439
08-01-1996,1.44
09-01-1996,1.442
10-01-1996,1.441
11-01-1996,1.44
12-01-1996,1.441
16-01-1996,1.459
17-01-1996,1.466
18-01-1996,1.47
19-01-1996,1.482
22-01-1996,1.477
23-01-1996,1.482
24-01-1996,1.485
25-01-1996,1.488
26-01-1996,1.491
29-01-1996,1.485
30-01-1996,1.489
31-01-1996,1.49
01-02-1996,1.493
02-02-1996,1.486
05-02-1996,1.466
06-02-1996,1.473
07-02-1996,1.479
08-02-1996,1.476
09-02-1996,1.479
12-02-1996,1.473
13-02-1996,1.478
14-02-1996,1.467
15-02-1996,1.47
16-02-1996,1.46
20-02-1996,1.453
21-02-1996,1.454
22-02-1996,1.451
23-02-1996,1.445
26-02-1996,1.448
27-02-1996,1.451
28-02-1996,1.466
29-02-1996,1.47
01-03-1996,1.479
04-03-1996,1.477
05-03-1996,1.475
06-03-1996,1.476
07-03-1996,1.479
08-03-1996,1.488
11-03-1996,1.481
12-03-1996,1.478
13-03-1996,1.475
14-03-1996,1.474
15-03-1996,1.474
18-03-1996,1.477
19-03-1996,1.476
20-03-1996,1.473
21-03-1996,1.478
22-03-1996,1.477
25-03-1996,1.479
26-03-1996,1.477
27-03-1996,1.487
28-03-1996,1.476
29-03-1996,1.477
01-04-1996,1.483
02-04-1996,1.481
03-04-1996,1.48
04-04-1996,1.481
05-04-1996,1.484
08-04-1996,1.477
09-04-1996,1.493
10-04-1996,1.501
11-04-1996,1.503
12-04-1996,1.504
15-04-1996,1.511
16-04-1996,1.511
17-04-1996,1.507
18-04-1996,1.508
19-04-1996,1.507
22-04-1996,1.516
23-04-1996,1.519
24-04-1996,1.522
25-04-1996,1.529
26-04-1996,1.529
29-04-1996,1.523
30-04-1996,1.53
01-05-1996,1.535
02-05-1996,1.53
03-05-1996,1.527
06-05-1996,1.527
07-05-1996,1.522
08-05-1996,1.516
09-05-1996,1.517
10-05-1996,1.528
13-05-1996,1.532
14-05-1996,1.535
15-05-1996,1.532
16-05-1996,1.535
17-05-1996,1.528
20-05-1996,1.534
21-05-1996,1.542
22-05-1996,1.54
23-05-1996,1.541
24-05-1996,1.544
28-05-1996,1.548
29-05-1996,1.545
30-05-1996,1.533
31-05-1996,1.527
03-06-1996,1.529
04-06-1996,1.533
05-06-1996,1.531
06-06-1996,1.533
07-06-1996,1.534
10-06-1996,1.534
11-06-1996,1.537
12-06-1996,1.536
13-06-1996,1.533
14-06-1996,1.525
17-06-1996,1.517
18-06-1996,1.516
19-06-1996,1.521
20-06-1996,1.523
21-06-1996,1.532
24-06-1996,1.53
25-06-1996,1.53
26-06-1996,1.528
27-06-1996,1.522
28-06-1996,1.521
01-07-1996,1.524
02-07-1996,1.526
03-07-1996,1.523
05-07-1996,1.532
08-07-1996,1.529
09-07-1996,1.525
10-07-1996,1.526
11-07-1996,1.521
12-07-1996,1.522
15-07-1996,1.52
16-07-1996,1.49
17-07-1996,1.485
18-07-1996,1.486
19-07-1996,1.489
22-07-1996,1.484
23-07-1996,1.49
24-07-1996,1.49
25-07-1996,1.48
26-07-1996,1.483
29-07-1996,1.48
30-07-1996,1.479
31-07-1996,1.473
01-08-1996,1.474
02-08-1996,1.478
05-08-1996,1.483
06-08-1996,1.483
07-08-1996,1.485
08-08-1996,1.484
09-08-1996,1.479
12-08-1996,1.477
13-08-1996,1.476
14-08-1996,1.487
15-08-1996,1.486
16-08-1996,1.494
19-08-1996,1.487
20-08-1996,1.489
21-08-1996,1.483
22-08-1996,1.491
23-08-1996,1.485
26-08-1996,1.48
27-08-1996,1.479
28-08-1996,1.476
29-08-1996,1.482
30-08-1996,1.48
03-09-1996,1.484
04-09-1996,1.483
05-09-1996,1.485
06-09-1996,1.492
09-09-1996,1.494
10-09-1996,1.508
11-09-1996,1.509
12-09-1996,1.515
13-09-1996,1.512
16-09-1996,1.511
17-09-1996,1.516
18-09-1996,1.51
19-09-1996,1.515
20-09-1996,1.515
23-09-1996,1.511
24-09-1996,1.514
25-09-1996,1.512
26-09-1996,1.523
27-09-1996,1.525
30-09-1996,1.527
01-10-1996,1.526
02-10-1996,1.528
03-10-1996,1.529
04-10-1996,1.53
07-10-1996,1.531
08-10-1996,1.527
09-10-1996,1.529
10-10-1996,1.53
11-10-1996,1.531
15-10-1996,1.54
16-10-1996,1.538
17-10-1996,1.544
18-10-1996,1.542
21-10-1996,1.536
22-10-1996,1.535
23-10-1996,1.523
24-10-1996,1.522
25-10-1996,1.52
28-10-1996,1.518
29-10-1996,1.509
30-10-1996,1.51
31-10-1996,1.514
01-11-1996,1.515
04-11-1996,1.514
05-11-1996,1.521
06-11-1996,1.518
07-11-1996,1.507
08-11-1996,1.506
12-11-1996,1.501
13-11-1996,1.505
14-11-1996,1.51
15-11-1996,1.509
18-11-1996,1.501
19-11-1996,1.504
20-11-1996,1.496
21-11-1996,1.498
22-11-1996,1.505
25-11-1996,1.522
26-11-1996,1.525
27-11-1996,1.529
29-11-1996,1.538
02-12-1996,1.544
03-12-1996,1.566
04-12-1996,1.563
05-12-1996,1.553
06-12-1996,1.547
09-12-1996,1.557
10-12-1996,1.554
11-12-1996,1.549
12-12-1996,1.544
13-12-1996,1.546
16-12-1996,1.553
17-12-1996,1.546
18-12-1996,1.554
19-12-1996,1.557
20-12-1996,1.551
23-12-1996,1.557
24-12-1996,1.556
26-12-1996,1.557
27-12-1996,1.556
30-12-1996,1.558
31-12-1996,1.539
02-01-1997,1.541
03-01-1997,1.563
06-01-1997,1.567
07-01-1997,1.563
08-01-1997,1.577
09-01-1997,1.578
10-01-1997,1.586
13-01-1997,1.591
14-01-1997,1.595
15-01-1997,1.592
16-01-1997,1.595
17-01-1997,1.612
21-01-1997,1.624
22-01-1997,1.637
23-01-1997,1.641
24-01-1997,1.63
27-01-1997,1.642
28-01-1997,1.649
29-01-1997,1.643
30-01-1997,1.638
31-01-1997,1.636
03-02-1997,1.64
04-02-1997,1.644
05-02-1997,1.648
06-02-1997,1.652
07-02-1997,1.675
10-02-1997,1.656
11-02-1997,1.673
12-02-1997,1.686
13-02-1997,1.687
14-02-1997,1.686
18-02-1997,1.689
19-02-1997,1.697
20-02-1997,1.686
21-02-1997,1.689
24-02-1997,1.673
25-02-1997,1.677
26-02-1997,1.687
27-02-1997,1.689
28-02-1997,1.687
03-03-1997,1.697
04-03-1997,1.713
05-03-1997,1.713
06-03-1997,1.717
07-03-1997,1.719
10-03-1997,1.703
11-03-1997,1.704
12-03-1997,1.702
13-03-1997,1.706
14-03-1997,1.696
17-03-1997,1.69
18-03-1997,1.673
19-03-1997,1.683
20-03-1997,1.689
21-03-1997,1.688
24-03-1997,1.688
25-03-1997,1.692
26-03-1997,1.692
27-03-1997,1.675
28-03-1997,1.679
31-03-1997,1.668
01-04-1997,1.671
02-04-1997,1.675
03-04-1997,1.669
04-04-1997,1.68
07-04-1997,1.709
08-04-1997,1.712
09-04-1997,1.724
10-04-1997,1.718
11-04-1997,1.724
14-04-1997,1.725
15-04-1997,1.734
16-04-1997,1.729
17-04-1997,1.725
18-04-1997,1.713
21-04-1997,1.703
22-04-1997,1.715
23-04-1997,1.712
24-04-1997,1.717
25-04-1997,1.725
28-04-1997,1.729
29-04-1997,1.723
30-04-1997,1.733
01-05-1997,1.721
02-05-1997,1.727
05-05-1997,1.732
06-05-1997,1.723
07-05-1997,1.722
08-05-1997,1.708
09-05-1997,1.69
12-05-1997,1.704
13-05-1997,1.697
14-05-1997,1.7
15-05-1997,1.699
16-05-1997,1.693
19-05-1997,1.711
20-05-1997,1.696
21-05-1997,1.692
22-05-1997,1.694
23-05-1997,1.693
27-05-1997,1.699
28-05-1997,1.694
29-05-1997,1.7
30-05-1997,1.709
02-06-1997,1.728
03-06-1997,1.728
04-06-1997,1.731
05-06-1997,1.73
06-06-1997,1.73
09-06-1997,1.709
10-06-1997,1.72
11-06-1997,1.717
12-06-1997,1.725
13-06-1997,1.731
16-06-1997,1.731
17-06-1997,1.734
18-06-1997,1.733
19-06-1997,1.724
20-06-1997,1.73
23-06-1997,1.72
24-06-1997,1.726
25-06-1997,1.726
26-06-1997,1.727
27-06-1997,1.738
30-06-1997,1.744
01-07-1997,1.742
02-07-1997,1.753
03-07-1997,1.75
07-07-1997,1.749
08-07-1997,1.759
09-07-1997,1.762
10-07-1997,1.752
11-07-1997,1.77
14-07-1997,1.789
15-07-1997,1.803
16-07-1997,1.799
17-07-1997,1.792
18-07-1997,1.789
21-07-1997,1.795
22-07-1997,1.819
23-07-1997,1.824
24-07-1997,1.83
25-07-1997,1.835
28-07-1997,1.848
29-07-1997,1.832
30-07-1997,1.837
31-07-1997,1.838
01-08-1997,1.865
04-08-1997,1.865
05-08-1997,1.881
06-08-1997,1.879
07-08-1997,1.87
08-08-1997,1.846
11-08-1997,1.857
12-08-1997,1.868
13-08-1997,1.835
14-08-1997,1.842
15-08-1997,1.824
18-08-1997,1.824
19-08-1997,1.842
20-08-1997,1.856
21-08-1997,1.843
22-08-1997,1.815
25-08-1997,1.821
26-08-1997,1.797
27-08-1997,1.81
28-08-1997,1.798
29-08-1997,1.805
02-09-1997,1.833
03-09-1997,1.815
04-09-1997,1.818
05-09-1997,1.8
08-09-1997,1.808
09-09-1997,1.812
10-09-1997,1.798
11-09-1997,1.782
12-09-1997,1.772
15-09-1997,1.76
16-09-1997,1.768
17-09-1997,1.772
18-09-1997,1.778
19-09-1997,1.772
22-09-1997,1.796
23-09-1997,1.796
24-09-1997,1.776
25-09-1997,1.769
26-09-1997,1.762
29-09-1997,1.758
30-09-1997,1.767
01-10-1997,1.775
02-10-1997,1.772
03-10-1997,1.759
06-10-1997,1.763
07-10-1997,1.754
08-10-1997,1.753
09-10-1997,1.744
10-10-1997,1.753
14-10-1997,1.755
15-10-1997,1.75
16-10-1997,1.745
17-10-1997,1.773
20-10-1997,1.772
21-10-1997,1.789
22-10-1997,1.784
23-10-1997,1.773
24-10-1997,1.774
27-10-1997,1.763
28-10-1997,1.729
29-10-1997,1.737
30-10-1997,1.726
31-10-1997,1.722
03-11-1997,1.737
04-11-1997,1.724
05-11-1997,1.722
06-11-1997,1.72
07-11-1997,1.708
10-11-1997,1.712
12-11-1997,1.724
13-11-1997,1.721
14-11-1997,1.732
17-11-1997,1.734
18-11-1997,1.725
19-11-1997,1.735
20-11-1997,1.734
21-11-1997,1.747
24-11-1997,1.737
25-11-1997,1.744
26-11-1997,1.761
28-11-1997,1.765
01-12-1997,1.777
02-12-1997,1.775
03-12-1997,1.77
04-12-1997,1.771
05-12-1997,1.782
08-12-1997,1.787
09-12-1997,1.792
10-12-1997,1.785
11-12-1997,1.77
12-12-1997,1.773
15-12-1997,1.772
16-12-1997,1.784
17-12-1997,1.77
18-12-1997,1.775
19-12-1997,1.769
22-12-1997,1.78
23-12-1997,1.774
24-12-1997,1.773
26-12-1997,1.775
29-12-1997,1.788
30-12-1997,1.792
31-12-1997,1.799
02-01-1998,1.803
05-01-1998,1.822
06-01-1998,1.821
07-01-1998,1.824
08-01-1998,1.82
09-01-1998,1.818
12-01-1998,1.818
13-01-1998,1.82
14-01-1998,1.823
15-01-1998,1.831
16-01-1998,1.831
20-01-1998,1.843
21-01-1998,1.828
22-01-1998,1.803
23-01-1998,1.781
26-01-1998,1.794
27-01-1998,1.79
28-01-1998,1.807
29-01-1998,1.821
30-01-1998,1.832
02-02-1998,1.821
03-02-1998,1.817
04-02-1998,1.801
05-02-1998,1.788
06-02-1998,1.804
09-02-1998,1.816
10-02-1998,1.812
11-02-1998,1.819
12-02-1998,1.809
13-02-1998,1.824
17-02-1998,1.827
18-02-1998,1.82
19-02-1998,1.824
20-02-1998,1.823
23-02-1998,1.792
24-02-1998,1.8
25-02-1998,1.812
26-02-1998,1.812
27-02-1998,1.814
02-03-1998,1.813
03-03-1998,1.809
04-03-1998,1.815
05-03-1998,1.826
06-03-1998,1.836
09-03-1998,1.829
10-03-1998,1.832
11-03-1998,1.835
12-03-1998,1.827
13-03-1998,1.82
16-03-1998,1.821
17-03-1998,1.818
18-03-1998,1.829
19-03-1998,1.83
20-03-1998,1.833
23-03-1998,1.827
24-03-1998,1.828
25-03-1998,1.828
26-03-1998,1.822
27-03-1998,1.827
30-03-1998,1.847
31-03-1998,1.85
01-04-1998,1.854
02-04-1998,1.852
03-04-1998,1.852
06-04-1998,1.843
07-04-1998,1.841
08-04-1998,1.821
09-04-1998,1.82
10-04-1998,1.824
13-04-1998,1.824
14-04-1998,1.804
15-04-1998,1.799
16-04-1998,1.807
17-04-1998,1.809
20-04-1998,1.799
21-04-1998,1.789
22-04-1998,1.792
23-04-1998,1.801
24-04-1998,1.792
27-04-1998,1.788
28-04-1998,1.794
29-04-1998,1.795
30-04-1998,1.794
01-05-1998,1.778
04-05-1998,1.78
05-05-1998,1.772
06-05-1998,1.766
07-05-1998,1.764
08-05-1998,1.771
11-05-1998,1.78
12-05-1998,1.775
13-05-1998,1.778
14-05-1998,1.782
15-05-1998,1.786
18-05-1998,1.787
19-05-1998,1.784
20-05-1998,1.77
21-05-1998,1.759
22-05-1998,1.759
26-05-1998,1.768
27-05-1998,1.782
28-05-1998,1.782
29-05-1998,1.784
01-06-1998,1.779
02-06-1998,1.781
03-06-1998,1.773
04-06-1998,1.765
05-06-1998,1.775
08-06-1998,1.78
09-06-1998,1.781
10-06-1998,1.797
11-06-1998,1.804
12-06-1998,1.805
15-06-1998,1.814
16-06-1998,1.798
17-06-1998,1.787
18-06-1998,1.793
19-06-1998,1.786
22-06-1998,1.794
23-06-1998,1.803
24-06-1998,1.801
25-06-1998,1.796
26-06-1998,1.813
29-06-1998,1.814
30-06-1998,1.803
01-07-1998,1.817
02-07-1998,1.823
03-07-1998,1.819
06-07-1998,1.812
07-07-1998,1.815
08-07-1998,1.818
09-07-1998,1.831
10-07-1998,1.819
13-07-1998,1.8
14-07-1998,1.802
15-07-1998,1.801
16-07-1998,1.79
17-07-1998,1.784
20-07-1998,1.78
21-07-1998,1.79
22-07-1998,1.788
23-07-1998,1.792
24-07-1998,1.779
27-07-1998,1.784
28-07-1998,1.773
29-07-1998,1.774
30-07-1998,1.776
31-07-1998,1.779
03-08-1998,1.784
04-08-1998,1.78
05-08-1998,1.772
06-08-1998,1.768
07-08-1998,1.78
10-08-1998,1.781
11-08-1998,1.781
12-08-1998,1.775
13-08-1998,1.785
14-08-1998,1.804
17-08-1998,1.793
18-08-1998,1.799
19-08-1998,1.798
20-08-1998,1.798
21-08-1998,1.797
24-08-1998,1.795
25-08-1998,1.799
26-08-1998,1.807
27-08-1998,1.798
28-08-1998,1.772
31-08-1998,1.758
01-09-1998,1.75
02-09-1998,1.751
03-09-1998,1.728
04-09-1998,1.735
08-09-1998,1.726
09-09-1998,1.726
10-09-1998,1.692
11-09-1998,1.689
14-09-1998,1.702
15-09-1998,1.69
16-09-1998,1.692
17-09-1998,1.685
18-09-1998,1.689
21-09-1998,1.681
22-09-1998,1.683
23-09-1998,1.687
24-09-1998,1.678
25-09-1998,1.673
28-09-1998,1.678
29-09-1998,1.675
30-09-1998,1.67
01-10-1998,1.65
02-10-1998,1.643
05-10-1998,1.635
06-10-1998,1.634
07-10-1998,1.614
08-10-1998,1.606
09-10-1998,1.633
13-10-1998,1.638
14-10-1998,1.641
15-10-1998,1.626
16-10-1998,1.619
19-10-1998,1.628
20-10-1998,1.643
21-10-1998,1.644
22-10-1998,1.641
23-10-1998,1.637
26-10-1998,1.651
27-10-1998,1.654
28-10-1998,1.654
29-10-1998,1.654
30-10-1998,1.657
02-11-1998,1.653
03-11-1998,1.66
04-11-1998,1.667
05-11-1998,1.657
06-11-1998,1.669
09-11-1998,1.691
10-11-1998,1.687
12-11-1998,1.693
13-11-1998,1.689
16-11-1998,1.667
17-11-1998,1.67
18-11-1998,1.67
19-11-1998,1.685
20-11-1998,1.689
23-11-1998,1.706
24-11-1998,1.707
25-11-1998,1.704
27-11-1998,1.713
30-11-1998,1.697
01-12-1998,1.681
02-12-1998,1.672
03-12-1998,1.673
04-12-1998,1.679
07-12-1998,1.677
08-12-1998,1.672
09-12-1998,1.67
10-12-1998,1.655
11-12-1998,1.649
14-12-1998,1.65
15-12-1998,1.659
16-12-1998,1.667
17-12-1998,1.666
18-12-1998,1.665
21-12-1998,1.674
22-12-1998,1.675
23-12-1998,1.675
24-12-1998,1.684
28-12-1998,1.679
29-12-1998,1.671
30-12-1998,1.677
31-12-1998,1.667
